longitude,latitude,year,count,avg_frp,total_frp,pct_night,pct_high_intensity
114.25,-27.75,2020,17,109.2,1857.0,0.0,5.9
114.25,-22.75,2020,6,69.1,414.5,0.0,0.0
114.75,-29.75,2020,9,128.8,1159.0,0.0,11.1
114.75,-21.75,2020,1,72.2,72.2,0.0,0.0
115.25,-34.25,2020,1,50.4,50.4,0.0,0.0
115.25,-30.75,2020,4,247.4,989.5,0.0,75.0
115.25,-30.25,2020,6,81.9,491.1,0.0,0.0
115.25,-29.75,2020,26,115.9,3014.5,0.0,7.7
115.25,-28.75,2020,6,80.9,485.6,0.0,0.0
115.25,-21.75,2020,1,51.8,51.8,0.0,0.0
115.75,-34.25,2020,8,108.5,867.9,0.0,12.5
115.75,-33.75,2020,1,65.7,65.7,0.0,0.0
115.75,-32.75,2020,1,71.2,71.2,0.0,0.0
115.75,-32.25,2020,4,103.2,412.8,0.0,0.0
115.75,-31.75,2020,7,142.1,994.9,0.0,14.3
115.75,-31.25,2020,5,63.6,318.2,0.0,0.0
115.75,-30.75,2020,4,251.4,1005.5,0.0,50.0
115.75,-22.25,2020,3,123.3,369.8,0.0,0.0
115.75,-21.75,2020,1,144.5,144.5,0.0,0.0
116.25,-34.25,2020,16,149.0,2383.5,0.0,18.8
116.25,-32.75,2020,13,82.4,1071.6,23.1,0.0
116.25,-32.25,2020,7,127.3,891.3,0.0,14.3
116.25,-29.25,2020,1,57.7,57.7,0.0,0.0
116.25,-22.75,2020,2,59.2,118.3,0.0,0.0
116.25,-22.25,2020,1,71.4,71.4,0.0,0.0
116.25,-21.75,2020,3,70.5,211.3,0.0,0.0
116.75,-34.25,2020,2,104.8,209.6,0.0,0.0
116.75,-33.25,2020,2,80.0,160.1,0.0,0.0
116.75,-32.25,2020,1,93.2,93.2,0.0,0.0
116.75,-20.75,2020,1,55.7,55.7,0.0,0.0
117.25,-34.75,2020,2,62.3,124.6,0.0,0.0
117.25,-33.75,2020,3,80.9,242.8,0.0,0.0
117.25,-33.25,2020,1,142.1,142.1,0.0,0.0
117.25,-32.75,2020,1,50.3,50.3,0.0,0.0
117.25,-32.25,2020,2,83.5,167.1,0.0,0.0
117.25,-23.25,2020,4,180.7,722.9,0.0,75.0
117.75,-32.25,2020,2,92.1,184.1,0.0,0.0
117.75,-22.75,2020,1,57.9,57.9,0.0,0.0
117.75,-21.25,2020,2,115.1,230.2,0.0,0.0
118.25,-34.75,2020,3,109.8,329.3,0.0,0.0
118.25,-33.25,2020,1,88.0,88.0,0.0,0.0
118.25,-21.75,2020,4,128.3,513.1,0.0,25.0
118.25,-21.25,2020,2,98.1,196.2,0.0,0.0
118.25,-20.75,2020,1,139.1,139.1,0.0,0.0
118.75,-34.75,2020,2,97.6,195.2,0.0,0.0
118.75,-34.25,2020,3,132.4,397.3,0.0,0.0
118.75,-23.75,2020,8,85.1,681.1,0.0,0.0
118.75,-22.25,2020,2,59.9,119.8,0.0,0.0
118.75,-21.75,2020,2,80.6,161.1,0.0,0.0
118.75,-21.25,2020,5,126.2,631.2,0.0,20.0
118.75,-20.75,2020,35,124.2,4347.7,0.0,14.3
118.75,-20.25,2020,1,171.6,171.6,0.0,0.0
119.25,-32.25,2020,50,130.8,6538.9,18.0,18.0
119.25,-21.75,2020,5,103.1,515.4,0.0,0.0
119.25,-21.25,2020,4,91.2,364.7,0.0,0.0
119.25,-20.75,2020,9,124.2,1117.4,0.0,11.1
119.75,-33.25,2020,2,173.9,347.8,0.0,50.0
119.75,-32.75,2020,33,88.5,2920.1,0.0,0.0
119.75,-32.25,2020,14,111.1,1555.0,14.3,0.0
119.75,-31.75,2020,4,63.6,254.2,0.0,0.0
119.75,-25.25,2020,2,88.9,177.8,0.0,0.0
119.75,-23.25,2020,1,270.8,270.8,0.0,100.0
119.75,-22.25,2020,2,164.9,329.8,0.0,50.0
119.75,-21.75,2020,1,119.0,119.0,0.0,0.0
119.75,-21.25,2020,4,120.7,482.8,0.0,25.0
119.75,-20.75,2020,22,170.3,3746.1,0.0,36.4
119.75,-20.25,2020,2,78.3,156.6,0.0,0.0
120.25,-33.75,2020,1,66.2,66.2,0.0,0.0
120.25,-32.75,2020,47,124.0,5829.9,0.0,14.9
120.25,-21.75,2020,4,96.2,384.9,0.0,25.0
120.25,-21.25,2020,1,81.0,81.0,0.0,0.0
120.25,-20.75,2020,1,60.2,60.2,0.0,0.0
120.75,-32.75,2020,4,83.8,335.4,0.0,0.0
120.75,-30.25,2020,1,87.9,87.9,0.0,0.0
120.75,-21.75,2020,2,57.5,115.1,0.0,0.0
120.75,-19.75,2020,1,56.4,56.4,0.0,0.0
121.25,-32.75,2020,21,156.4,3283.8,0.0,33.3
121.25,-32.25,2020,27,86.5,2335.4,0.0,3.7
121.25,-31.75,2020,37,113.2,4188.2,0.0,2.7
121.25,-31.25,2020,31,123.7,3835.0,0.0,16.1
121.25,-26.25,2020,2,98.8,197.7,0.0,0.0
121.75,-34.25,2020,1,90.7,90.7,0.0,0.0
121.75,-32.75,2020,35,89.7,3137.8,17.1,8.6
121.75,-32.25,2020,13,112.6,1463.5,0.0,7.7
121.75,-31.75,2020,33,98.3,3243.2,0.0,3.0
121.75,-27.25,2020,2,54.4,108.7,0.0,0.0
121.75,-24.75,2020,3,96.5,289.4,0.0,0.0
121.75,-20.25,2020,4,129.0,515.9,0.0,0.0
121.75,-19.75,2020,1,66.6,66.6,0.0,0.0
121.75,-19.25,2020,1,256.5,256.5,0.0,100.0
121.75,-18.75,2020,1,160.6,160.6,0.0,0.0
122.25,-33.25,2020,48,109.8,5268.6,0.0,6.2
122.25,-32.75,2020,226,148.4,33547.2,1.8,21.2
122.25,-32.25,2020,13,123.7,1608.5,0.0,0.0
122.25,-31.75,2020,2,76.1,152.3,0.0,0.0
122.25,-19.75,2020,2,93.4,186.8,0.0,0.0
122.25,-19.25,2020,13,83.8,1090.0,0.0,0.0
122.25,-17.25,2020,8,89.2,713.3,0.0,0.0
122.75,-33.75,2020,3,81.2,243.6,0.0,0.0
122.75,-28.25,2020,2,78.2,156.4,0.0,0.0
122.75,-23.75,2020,1,54.9,54.9,0.0,0.0
122.75,-22.75,2020,2,122.2,244.4,0.0,0.0
122.75,-19.75,2020,2,67.0,133.9,0.0,0.0
122.75,-17.75,2020,27,123.7,3339.3,0.0,11.1
122.75,-17.25,2020,33,101.0,3333.8,0.0,6.1
122.75,-16.75,2020,3,84.3,252.9,0.0,0.0
123.25,-33.25,2020,6,119.9,719.3,0.0,0.0
123.25,-32.75,2020,179,144.3,25837.9,0.0,25.1
123.25,-32.25,2020,208,98.9,20580.9,0.0,5.3
123.25,-30.75,2020,26,89.8,2333.6,0.0,0.0
123.25,-30.25,2020,3,95.4,286.3,0.0,0.0
123.25,-29.25,2020,3,80.6,241.7,0.0,0.0
123.25,-27.75,2020,1,213.2,213.2,0.0,100.0
123.25,-27.25,2020,12,84.9,1018.3,0.0,0.0
123.25,-17.75,2020,21,100.0,2099.7,0.0,4.8
123.25,-17.25,2020,9,73.4,660.4,11.1,0.0
123.25,-16.75,2020,1,81.6,81.6,0.0,0.0
123.75,-33.25,2020,35,99.1,3469.7,0.0,0.0
123.75,-32.75,2020,80,129.0,10322.5,0.0,10.0
123.75,-32.25,2020,46,120.0,5518.0,0.0,10.9
123.75,-31.75,2020,5,86.8,434.1,0.0,0.0
123.75,-31.25,2020,15,67.6,1013.4,0.0,0.0
123.75,-30.75,2020,37,98.8,3655.3,0.0,2.7
123.75,-29.75,2020,2,85.4,170.8,50.0,0.0
123.75,-27.75,2020,4,100.3,401.2,0.0,0.0
123.75,-27.25,2020,19,106.6,2025.3,0.0,0.0
123.75,-26.75,2020,1,67.8,67.8,0.0,0.0
123.75,-26.25,2020,2,76.1,152.2,0.0,0.0
123.75,-20.25,2020,1,60.3,60.3,0.0,0.0
123.75,-17.75,2020,2,74.4,148.9,0.0,0.0
123.75,-17.25,2020,1,70.7,70.7,0.0,0.0
123.75,-16.25,2020,1,50.9,50.9,0.0,0.0
124.25,-32.75,2020,314,110.2,34598.8,0.0,9.9
124.25,-32.25,2020,1,54.9,54.9,0.0,0.0
124.25,-29.25,2020,6,113.9,683.5,0.0,0.0
124.25,-28.75,2020,1,296.0,296.0,0.0,100.0
124.25,-18.75,2020,7,138.9,972.3,0.0,14.3
124.25,-17.75,2020,3,68.1,204.4,0.0,0.0
124.25,-17.25,2020,3,76.5,229.5,0.0,0.0
124.25,-16.75,2020,32,79.5,2545.2,0.0,0.0
124.25,-15.25,2020,4,100.2,401.0,0.0,0.0
124.75,-29.75,2020,28,130.8,3661.0,0.0,0.0
124.75,-29.25,2020,1,75.2,75.2,0.0,0.0
124.75,-28.75,2020,1,76.4,76.4,0.0,0.0
124.75,-28.25,2020,22,106.1,2333.2,0.0,4.5
124.75,-19.75,2020,1,167.6,167.6,0.0,0.0
124.75,-18.25,2020,2,93.8,187.5,0.0,0.0
124.75,-17.75,2020,6,83.2,499.4,0.0,0.0
124.75,-16.75,2020,3,69.7,209.1,0.0,0.0
124.75,-16.25,2020,2,137.0,274.1,0.0,0.0
124.75,-15.75,2020,8,92.1,737.0,0.0,0.0
124.75,-15.25,2020,12,138.2,1659.0,0.0,25.0
125.25,-28.75,2020,2,81.8,163.6,0.0,0.0
125.25,-27.75,2020,2,89.4,178.9,0.0,0.0
125.25,-25.75,2020,1,245.3,245.3,0.0,100.0
125.25,-21.25,2020,10,125.6,1256.2,0.0,0.0
125.25,-18.75,2020,1,63.3,63.3,0.0,0.0
125.25,-18.25,2020,4,80.2,321.0,0.0,0.0
125.25,-17.75,2020,7,95.0,665.1,0.0,0.0
125.25,-16.75,2020,1,50.8,50.8,0.0,0.0
125.25,-16.25,2020,1,53.3,53.3,0.0,0.0
125.25,-14.75,2020,4,88.1,352.3,0.0,0.0
125.75,-28.25,2020,12,104.1,1249.5,0.0,8.3
125.75,-15.25,2020,1,70.3,70.3,0.0,0.0
125.75,-14.75,2020,12,71.6,859.1,0.0,0.0
126.25,-18.75,2020,2,140.7,281.4,0.0,0.0
126.25,-17.75,2020,4,78.5,314.1,0.0,0.0
126.25,-17.25,2020,2,79.0,157.9,0.0,0.0
126.25,-16.75,2020,3,65.4,196.2,0.0,0.0
126.25,-16.25,2020,3,59.2,177.5,0.0,0.0
126.25,-15.75,2020,6,73.6,441.6,0.0,0.0
126.25,-15.25,2020,5,81.9,409.7,0.0,0.0
126.25,-14.75,2020,3,93.5,280.5,0.0,0.0
126.25,-14.25,2020,4,77.9,311.6,0.0,0.0
126.75,-18.75,2020,1,81.5,81.5,100.0,0.0
126.75,-18.25,2020,1,127.2,127.2,0.0,0.0
126.75,-17.75,2020,4,85.7,342.7,0.0,0.0
126.75,-17.25,2020,1,116.4,116.4,0.0,0.0
126.75,-15.75,2020,4,89.8,359.0,0.0,0.0
126.75,-14.75,2020,3,92.8,278.5,0.0,0.0
126.75,-14.25,2020,6,125.1,750.4,0.0,0.0
127.25,-16.75,2020,3,83.1,249.3,0.0,0.0
127.25,-16.25,2020,5,62.9,314.4,0.0,0.0
127.25,-15.75,2020,2,108.5,217.0,0.0,0.0
127.25,-14.25,2020,38,91.9,3490.8,0.0,2.6
127.75,-29.25,2020,17,156.2,2656.1,0.0,17.6
127.75,-28.75,2020,1,130.1,130.1,0.0,0.0
127.75,-15.25,2020,2,144.9,289.7,0.0,0.0
127.75,-14.75,2020,2,75.7,151.5,0.0,0.0
127.75,-14.25,2020,3,116.4,349.1,0.0,0.0
128.25,-29.25,2020,7,86.4,604.7,0.0,0.0
128.25,-28.75,2020,3,62.2,186.8,0.0,0.0
128.25,-28.25,2020,5,73.3,366.5,0.0,0.0
128.25,-27.75,2020,16,104.8,1677.2,0.0,0.0
128.25,-25.75,2020,2,57.4,114.8,0.0,0.0
128.25,-22.75,2020,1,103.8,103.8,0.0,0.0
128.25,-22.25,2020,3,86.8,260.3,0.0,0.0
128.25,-17.75,2020,5,85.3,426.7,0.0,0.0
128.25,-16.75,2020,1,57.8,57.8,0.0,0.0
128.25,-16.25,2020,1,55.5,55.5,0.0,0.0
128.25,-15.75,2020,8,93.6,748.6,0.0,0.0
128.25,-15.25,2020,9,69.7,627.5,0.0,0.0
128.25,-14.75,2020,4,107.8,431.1,0.0,0.0
128.75,-29.25,2020,9,68.8,618.9,0.0,0.0
128.75,-28.75,2020,12,106.9,1282.9,0.0,16.7
128.75,-27.25,2020,5,103.2,516.0,0.0,0.0
128.75,-17.25,2020,4,109.3,437.1,0.0,0.0
128.75,-16.75,2020,5,81.3,406.5,0.0,0.0
128.75,-15.75,2020,2,62.5,125.0,0.0,0.0
129.25,-28.75,2020,1,78.7,78.7,0.0,0.0
129.25,-28.25,2020,2,55.5,111.0,0.0,0.0
129.25,-24.25,2020,2,90.6,181.3,0.0,0.0
129.25,-15.75,2020,1,75.5,75.5,0.0,0.0
129.75,-29.25,2020,14,93.4,1307.4,0.0,0.0
129.75,-28.25,2020,28,123.5,3457.9,0.0,0.0
129.75,-24.25,2020,1,84.6,84.6,0.0,0.0
129.75,-16.75,2020,4,139.5,558.1,0.0,0.0
129.75,-15.25,2020,1,198.5,198.5,0.0,0.0
129.75,-14.25,2020,23,91.9,2114.7,0.0,0.0
129.75,-13.75,2020,18,92.6,1666.3,0.0,0.0
130.25,-29.25,2020,2,51.0,102.0,0.0,0.0
130.25,-27.75,2020,1,88.5,88.5,0.0,0.0
130.25,-24.75,2020,8,75.8,606.7,0.0,0.0
130.25,-16.25,2020,2,55.2,110.4,0.0,0.0
130.25,-15.25,2020,4,101.1,404.2,0.0,0.0
130.25,-14.25,2020,17,85.3,1449.4,0.0,0.0
130.25,-13.75,2020,29,119.1,3453.6,0.0,3.4
130.25,-13.25,2020,3,75.8,227.3,0.0,0.0
130.25,-12.75,2020,3,84.8,254.5,0.0,0.0
130.25,-11.75,2020,19,98.9,1878.8,0.0,10.5
130.25,-11.25,2020,5,118.2,590.8,0.0,0.0
130.75,-19.75,2020,1,56.6,56.6,0.0,0.0
130.75,-14.75,2020,1,61.0,61.0,0.0,0.0
130.75,-13.75,2020,4,74.4,297.7,25.0,0.0
130.75,-13.25,2020,6,103.3,619.8,0.0,16.7
130.75,-12.75,2020,9,90.7,816.0,0.0,11.1
130.75,-12.25,2020,1,68.6,68.6,0.0,0.0
130.75,-11.75,2020,11,93.2,1025.0,0.0,9.1
130.75,-11.25,2020,2,61.7,123.4,0.0,0.0
131.25,-18.75,2020,1,85.5,85.5,0.0,0.0
131.25,-14.25,2020,24,85.6,2053.6,0.0,4.2
131.25,-13.75,2020,29,116.6,3381.4,6.9,6.9
131.25,-13.25,2020,7,84.0,588.0,0.0,0.0
131.25,-12.75,2020,17,80.5,1367.8,0.0,0.0
131.25,-12.25,2020,3,75.0,224.9,0.0,0.0
131.25,-11.75,2020,1,95.2,95.2,0.0,0.0
131.25,-11.25,2020,4,128.0,512.0,0.0,25.0
131.75,-27.25,2020,1,50.3,50.3,0.0,0.0
131.75,-14.75,2020,4,71.2,284.7,0.0,0.0
131.75,-14.25,2020,16,103.6,1658.0,0.0,12.5
131.75,-13.75,2020,8,74.5,596.2,0.0,0.0
131.75,-13.25,2020,18,89.9,1618.2,0.0,5.6
131.75,-12.75,2020,10,101.0,1009.8,0.0,0.0
132.25,-15.75,2020,1,50.7,50.7,0.0,0.0
132.25,-14.75,2020,4,92.7,370.6,0.0,0.0
132.25,-14.25,2020,7,124.1,868.4,0.0,0.0
132.25,-13.75,2020,19,80.8,1535.1,0.0,0.0
132.25,-13.25,2020,11,121.2,1332.9,0.0,0.0
132.25,-12.75,2020,3,79.8,239.5,0.0,0.0
132.25,-12.25,2020,1,99.4,99.4,0.0,0.0
132.25,-11.25,2020,14,77.4,1082.9,0.0,0.0
132.75,-31.75,2020,12,87.6,1051.0,33.3,0.0
132.75,-31.25,2020,12,126.2,1514.4,0.0,16.7
132.75,-30.75,2020,6,60.1,360.4,0.0,0.0
132.75,-14.25,2020,1,98.9,98.9,0.0,0.0
132.75,-13.75,2020,4,74.0,296.1,0.0,0.0
132.75,-12.75,2020,5,60.0,300.1,0.0,0.0
132.75,-12.25,2020,7,97.5,682.8,0.0,0.0
132.75,-11.75,2020,7,69.4,485.6,0.0,0.0
133.25,-16.75,2020,9,128.1,1153.3,0.0,0.0
133.25,-14.75,2020,1,58.9,58.9,0.0,0.0
133.25,-14.25,2020,4,58.2,232.6,0.0,0.0
133.25,-13.75,2020,1,86.4,86.4,0.0,0.0
133.25,-13.25,2020,1,59.8,59.8,0.0,0.0
133.25,-12.75,2020,3,136.5,409.5,0.0,33.3
133.25,-12.25,2020,4,72.0,288.1,0.0,0.0
133.25,-11.75,2020,15,96.6,1449.5,0.0,0.0
133.75,-15.75,2020,1,79.3,79.3,0.0,0.0
133.75,-15.25,2020,1,86.8,86.8,0.0,0.0
133.75,-13.75,2020,3,80.3,241.0,0.0,0.0
133.75,-13.25,2020,2,75.3,150.7,0.0,0.0
133.75,-12.75,2020,11,89.6,985.5,0.0,0.0
133.75,-12.25,2020,8,86.5,692.1,0.0,0.0
133.75,-11.75,2020,12,140.4,1685.1,0.0,33.3
134.25,-14.25,2020,1,53.0,53.0,0.0,0.0
134.25,-13.75,2020,6,99.9,599.7,0.0,0.0
134.25,-12.75,2020,1,54.3,54.3,0.0,0.0
134.25,-12.25,2020,10,80.8,808.1,0.0,10.0
134.75,-20.25,2020,3,90.0,269.9,0.0,0.0
134.75,-14.75,2020,1,190.4,190.4,0.0,0.0
134.75,-13.75,2020,5,145.5,727.7,0.0,0.0
134.75,-13.25,2020,2,60.6,121.2,0.0,0.0
134.75,-12.25,2020,4,70.2,281.0,0.0,0.0
135.25,-15.75,2020,2,110.7,221.4,0.0,0.0
135.25,-14.75,2020,1,65.6,65.6,0.0,0.0
135.25,-13.75,2020,9,123.4,1110.3,0.0,11.1
135.25,-13.25,2020,4,79.7,318.8,0.0,0.0
135.25,-12.75,2020,11,77.6,854.1,0.0,0.0
135.25,-12.25,2020,10,79.8,797.8,0.0,0.0
135.75,-32.25,2020,1,50.4,50.4,0.0,0.0
135.75,-17.25,2020,1,50.8,50.8,0.0,0.0
135.75,-16.75,2020,5,101.6,508.0,0.0,0.0
135.75,-16.25,2020,12,90.6,1087.1,0.0,8.3
135.75,-15.75,2020,3,64.0,192.0,0.0,0.0
135.75,-15.25,2020,2,78.7,157.3,0.0,0.0
135.75,-14.25,2020,6,82.8,497.0,0.0,0.0
135.75,-13.75,2020,19,96.4,1831.2,0.0,0.0
135.75,-13.25,2020,2,55.0,110.0,0.0,0.0
135.75,-12.75,2020,9,78.5,706.3,0.0,0.0
135.75,-12.25,2020,4,87.3,349.2,0.0,0.0
135.75,-11.75,2020,1,69.5,69.5,0.0,0.0
136.25,-16.75,2020,1,75.7,75.7,0.0,0.0
136.25,-16.25,2020,3,91.0,273.0,0.0,0.0
136.25,-15.75,2020,4,108.7,435.0,0.0,0.0
136.25,-14.25,2020,1,55.7,55.7,0.0,0.0
136.25,-13.25,2020,2,65.0,129.9,0.0,0.0
136.25,-12.75,2020,8,82.1,657.0,0.0,0.0
136.75,-36.25,2020,5,92.3,461.6,0.0,0.0
136.75,-35.75,2020,211,142.5,30064.5,0.0,20.9
136.75,-16.75,2020,7,72.1,504.7,0.0,0.0
136.75,-16.25,2020,5,77.5,387.5,0.0,0.0
136.75,-15.75,2020,2,121.3,242.6,0.0,0.0
136.75,-13.75,2020,1,50.2,50.2,0.0,0.0
136.75,-12.25,2020,4,74.8,299.4,0.0,0.0
137.25,-36.25,2020,2,223.0,445.9,0.0,100.0
137.25,-35.75,2020,23,120.1,2761.4,0.0,21.7
137.25,-16.75,2020,2,53.5,106.9,0.0,0.0
137.25,-16.25,2020,105,92.5,9715.4,0.0,2.9
137.75,-17.25,2020,1,50.1,50.1,0.0,0.0
137.75,-16.75,2020,5,67.3,336.6,0.0,0.0
137.75,-16.25,2020,1,124.6,124.6,0.0,0.0
138.25,-35.75,2020,1,60.7,60.7,0.0,0.0
138.25,-33.25,2020,1,83.7,83.7,0.0,0.0
138.25,-19.25,2020,3,87.4,262.2,0.0,0.0
138.25,-17.75,2020,1,150.4,150.4,0.0,0.0
138.25,-16.75,2020,25,92.5,2311.9,0.0,0.0
138.75,-33.75,2020,1,93.0,93.0,0.0,0.0
138.75,-17.75,2020,2,53.2,106.3,0.0,0.0
138.75,-17.25,2020,2,94.2,188.4,0.0,0.0
138.75,-16.75,2020,7,99.9,699.6,0.0,0.0
139.25,-19.25,2020,1,118.2,118.2,0.0,0.0
139.25,-16.75,2020,2,70.2,140.4,0.0,0.0
139.75,-36.25,2020,5,130.4,652.1,0.0,0.0
139.75,-35.75,2020,9,117.7,1058.9,0.0,0.0
139.75,-35.25,2020,2,74.5,149.1,0.0,0.0
139.75,-20.25,2020,6,84.5,506.9,0.0,0.0
139.75,-17.25,2020,3,151.4,454.1,0.0,0.0
140.25,-37.25,2020,1,151.7,151.7,0.0,0.0
140.25,-36.75,2020,10,161.8,1618.5,0.0,40.0
140.25,-22.25,2020,1,81.1,81.1,0.0,0.0
140.25,-21.25,2020,2,122.3,244.6,0.0,0.0
140.25,-20.75,2020,1,81.7,81.7,0.0,0.0
140.75,-37.25,2020,5,151.6,757.8,0.0,40.0
140.75,-36.25,2020,1,111.1,111.1,0.0,0.0
140.75,-21.75,2020,1,67.5,67.5,0.0,0.0
140.75,-21.25,2020,10,95.9,959.1,0.0,10.0
141.25,-37.25,2020,1,50.7,50.7,0.0,0.0
141.25,-36.75,2020,3,165.5,496.4,0.0,33.3
141.25,-36.25,2020,1,117.6,117.6,0.0,0.0
141.25,-35.75,2020,3,106.7,320.0,0.0,0.0
141.25,-18.25,2020,4,62.2,248.9,0.0,0.0
141.25,-17.25,2020,9,129.5,1165.2,0.0,11.1
141.75,-38.25,2020,4,103.6,414.4,0.0,25.0
141.75,-37.25,2020,1,70.5,70.5,0.0,0.0
141.75,-36.75,2020,2,94.5,189.0,0.0,0.0
141.75,-36.25,2020,3,158.4,475.1,0.0,0.0
141.75,-35.75,2020,1,147.8,147.8,0.0,0.0
141.75,-34.75,2020,1,61.1,61.1,0.0,0.0
141.75,-27.25,2020,2,71.8,143.7,0.0,0.0
141.75,-17.75,2020,6,104.6,627.5,0.0,0.0
141.75,-15.75,2020,1,54.9,54.9,0.0,0.0
141.75,-15.25,2020,3,72.0,216.0,66.7,0.0
141.75,-14.25,2020,4,63.5,253.8,0.0,0.0
141.75,-13.25,2020,6,62.0,371.8,0.0,0.0
141.75,-12.75,2020,2,61.4,122.7,0.0,0.0
141.75,-12.25,2020,1,102.2,102.2,0.0,0.0
142.25,-37.75,2020,2,81.7,163.4,0.0,0.0
142.25,-37.25,2020,2,58.7,117.3,0.0,0.0
142.25,-34.25,2020,2,166.7,333.4,0.0,0.0
142.25,-33.75,2020,2,94.4,188.9,0.0,0.0
142.25,-27.25,2020,1,61.2,61.2,0.0,0.0
142.25,-18.25,2020,6,119.3,715.6,0.0,0.0
142.25,-17.75,2020,18,104.3,1877.6,0.0,16.7
142.25,-17.25,2020,2,106.2,212.4,0.0,0.0
142.25,-15.75,2020,4,129.6,518.6,0.0,25.0
142.25,-15.25,2020,1,51.8,51.8,0.0,0.0
142.25,-14.75,2020,3,71.1,213.4,0.0,0.0
142.25,-14.25,2020,13,110.8,1440.7,0.0,7.7
142.25,-13.25,2020,4,89.9,359.5,0.0,0.0
142.25,-12.75,2020,2,56.9,113.7,0.0,0.0
142.25,-11.25,2020,3,89.9,269.7,0.0,0.0
142.75,-38.25,2020,1,118.6,118.6,0.0,0.0
142.75,-37.75,2020,3,100.6,301.7,0.0,0.0
142.75,-37.25,2020,1,61.7,61.7,0.0,0.0
142.75,-36.75,2020,6,74.2,445.5,0.0,0.0
142.75,-33.75,2020,1,103.4,103.4,0.0,0.0
142.75,-28.75,2020,1,75.1,75.1,0.0,0.0
142.75,-18.25,2020,1,66.3,66.3,0.0,0.0
142.75,-17.75,2020,1,82.0,82.0,0.0,0.0
142.75,-17.25,2020,1,130.7,130.7,0.0,0.0
142.75,-16.75,2020,10,76.1,760.7,0.0,0.0
142.75,-16.25,2020,4,65.8,263.1,0.0,0.0
142.75,-15.25,2020,1,54.0,54.0,0.0,0.0
142.75,-14.75,2020,1,66.7,66.7,0.0,0.0
142.75,-14.25,2020,1,129.5,129.5,0.0,0.0
142.75,-13.75,2020,1,56.6,56.6,0.0,0.0
142.75,-13.25,2020,3,114.9,344.8,0.0,0.0
142.75,-12.75,2020,7,96.3,674.1,0.0,0.0
142.75,-12.25,2020,7,95.4,667.5,0.0,0.0
143.25,-38.25,2020,5,217.0,1084.9,0.0,60.0
143.25,-37.75,2020,13,119.8,1557.9,0.0,23.1
143.25,-37.25,2020,1,56.2,56.2,0.0,0.0
143.25,-36.75,2020,2,121.6,243.1,0.0,0.0
143.25,-19.25,2020,7,103.7,726.1,0.0,14.3
143.25,-18.75,2020,6,79.4,476.4,0.0,0.0
143.25,-18.25,2020,1,50.5,50.5,0.0,0.0
143.25,-17.75,2020,4,103.8,415.3,0.0,0.0
143.25,-17.25,2020,31,94.7,2936.3,0.0,3.2
143.25,-16.75,2020,23,86.3,1984.3,17.4,0.0
143.25,-16.25,2020,5,79.5,397.3,0.0,0.0
143.25,-15.75,2020,1,73.5,73.5,0.0,0.0
143.25,-14.25,2020,2,160.0,320.1,0.0,0.0
143.25,-13.75,2020,1,109.2,109.2,0.0,0.0
143.25,-12.75,2020,1,142.1,142.1,0.0,0.0
143.75,-37.75,2020,2,158.6,317.1,0.0,50.0
143.75,-37.25,2020,7,85.8,600.6,0.0,0.0
143.75,-36.75,2020,1,84.2,84.2,0.0,0.0
143.75,-20.25,2020,2,65.4,130.8,0.0,0.0
143.75,-19.75,2020,8,106.4,850.9,0.0,0.0
143.75,-19.25,2020,3,124.3,372.9,0.0,0.0
143.75,-18.75,2020,5,89.4,446.8,0.0,0.0
143.75,-17.25,2020,1,62.8,62.8,0.0,0.0
143.75,-16.75,2020,18,96.0,1728.7,0.0,0.0
143.75,-16.25,2020,9,104.1,936.8,0.0,11.1
143.75,-15.75,2020,10,119.0,1189.7,0.0,10.0
143.75,-15.25,2020,7,73.5,514.2,0.0,0.0
143.75,-14.75,2020,5,135.7,678.6,0.0,40.0
143.75,-13.75,2020,1,58.4,58.4,0.0,0.0
144.25,-20.25,2020,3,74.5,223.4,0.0,0.0
144.25,-19.75,2020,2,82.3,164.7,0.0,0.0
144.25,-17.75,2020,6,80.3,481.8,0.0,0.0
144.25,-17.25,2020,2,64.4,128.9,0.0,0.0
144.25,-16.75,2020,15,70.7,1060.6,6.7,0.0
144.25,-16.25,2020,4,61.1,244.5,0.0,0.0
144.25,-15.25,2020,2,91.6,183.2,0.0,0.0
144.25,-14.75,2020,10,99.6,996.1,0.0,0.0
144.25,-14.25,2020,1,62.0,62.0,0.0,0.0
144.75,-41.25,2020,2,285.5,571.0,0.0,100.0
144.75,-40.75,2020,8,132.8,1062.4,0.0,25.0
144.75,-20.25,2020,4,96.0,383.8,0.0,0.0
144.75,-19.75,2020,4,57.0,228.1,0.0,0.0
144.75,-18.25,2020,6,106.3,638.0,0.0,16.7
144.75,-17.75,2020,1,50.5,50.5,0.0,0.0
144.75,-15.25,2020,22,83.2,1830.4,0.0,0.0
144.75,-14.75,2020,9,88.0,792.0,0.0,0.0
145.25,-42.25,2020,2,57.2,114.4,0.0,0.0
145.25,-40.75,2020,3,130.5,391.4,0.0,0.0
145.25,-36.25,2020,1,58.8,58.8,0.0,0.0
145.25,-34.25,2020,4,141.2,564.6,0.0,25.0
145.25,-21.75,2020,4,142.6,570.4,0.0,0.0
145.25,-21.25,2020,18,147.5,2655.1,27.8,16.7
145.25,-20.75,2020,4,105.2,420.9,0.0,0.0
145.25,-19.75,2020,1,66.5,66.5,0.0,0.0
145.25,-18.25,2020,16,128.9,2063.1,0.0,12.5
145.25,-17.75,2020,3,56.3,169.0,0.0,0.0
145.25,-17.25,2020,5,85.7,428.3,0.0,0.0
145.25,-16.75,2020,3,59.7,179.0,0.0,0.0
145.25,-15.25,2020,7,205.4,1437.8,0.0,28.6
145.75,-37.75,2020,2,257.8,515.7,0.0,50.0
145.75,-37.25,2020,2,355.3,710.7,0.0,100.0
145.75,-36.25,2020,4,111.5,445.9,0.0,0.0
145.75,-24.25,2020,3,51.7,155.1,0.0,0.0
145.75,-22.25,2020,3,68.6,205.7,0.0,0.0
145.75,-21.75,2020,2,78.7,157.5,50.0,0.0
145.75,-21.25,2020,12,116.3,1395.9,0.0,8.3
145.75,-20.75,2020,1,57.1,57.1,0.0,0.0
145.75,-20.25,2020,2,126.9,253.9,0.0,0.0
145.75,-19.75,2020,3,88.6,265.8,0.0,0.0
146.25,-42.75,2020,1,51.6,51.6,0.0,0.0
146.25,-37.75,2020,4,118.3,473.2,0.0,25.0
146.25,-37.25,2020,2,73.0,146.0,0.0,0.0
146.25,-36.25,2020,2,100.4,200.7,0.0,0.0
146.25,-35.25,2020,2,84.2,168.3,0.0,0.0
146.25,-34.75,2020,1,89.4,89.4,0.0,0.0
146.25,-22.25,2020,4,65.3,261.1,0.0,0.0
146.25,-21.25,2020,10,93.3,933.2,0.0,0.0
146.75,-43.25,2020,1,159.2,159.2,0.0,0.0
146.75,-42.25,2020,1,256.2,256.2,0.0,100.0
146.75,-37.25,2020,26,102.7,2669.2,0.0,11.5
146.75,-36.75,2020,121,115.6,13985.9,1.7,13.2
146.75,-35.75,2020,2,65.4,130.9,0.0,0.0
146.75,-31.75,2020,3,154.3,462.9,0.0,33.3
146.75,-26.25,2020,6,152.3,914.0,0.0,50.0
146.75,-25.25,2020,4,127.3,509.1,0.0,25.0
146.75,-24.75,2020,5,117.2,585.8,0.0,0.0
146.75,-22.25,2020,19,136.2,2587.7,0.0,10.5
146.75,-21.25,2020,6,81.4,488.4,0.0,0.0
146.75,-20.75,2020,1,90.9,90.9,0.0,0.0
147.25,-43.25,2020,2,186.0,372.1,0.0,50.0
147.25,-42.25,2020,2,106.4,212.7,0.0,0.0
147.25,-37.75,2020,2,70.1,140.2,0.0,0.0
147.25,-37.25,2020,149,124.2,18510.4,3.4,17.4
147.25,-36.75,2020,32,126.9,4061.6,3.1,15.6
147.25,-35.75,2020,21,128.5,2697.8,0.0,14.3
147.25,-34.75,2020,2,140.6,281.3,0.0,0.0
147.25,-33.25,2020,1,66.4,66.4,0.0,0.0
147.25,-27.25,2020,1,59.0,59.0,0.0,0.0
147.25,-25.75,2020,9,142.7,1284.3,0.0,33.3
147.25,-25.25,2020,5,78.3,391.5,0.0,0.0
147.25,-24.25,2020,1,114.6,114.6,0.0,0.0
147.25,-22.75,2020,5,171.8,859.2,0.0,40.0
147.25,-22.25,2020,6,65.4,392.2,0.0,0.0
147.25,-19.75,2020,1,247.2,247.2,0.0,100.0
147.75,-42.75,2020,1,91.3,91.3,0.0,0.0
147.75,-42.25,2020,1,78.7,78.7,0.0,0.0
147.75,-41.75,2020,17,107.3,1824.5,0.0,5.9
147.75,-37.75,2020,7,186.9,1308.3,0.0,28.6
147.75,-37.25,2020,28,105.1,2944.2,10.7,10.7
147.75,-36.75,2020,198,157.7,31221.8,1.5,24.7
147.75,-36.25,2020,220,139.8,30749.5,0.0,21.8
147.75,-35.75,2020,59,124.8,7362.4,0.0,22.0
147.75,-35.25,2020,53,88.0,4666.4,3.8,1.9
147.75,-26.75,2020,7,100.3,702.3,0.0,0.0
147.75,-25.75,2020,5,84.2,420.8,0.0,0.0
147.75,-25.25,2020,17,85.5,1453.7,0.0,0.0
147.75,-24.75,2020,14,109.5,1533.1,0.0,7.1
147.75,-23.25,2020,1,54.0,54.0,0.0,0.0
147.75,-22.75,2020,2,60.8,121.6,0.0,0.0
147.75,-21.25,2020,10,108.1,1081.1,0.0,20.0
148.25,-41.75,2020,8,252.3,2018.2,0.0,75.0
148.25,-39.75,2020,4,57.5,230.2,0.0,0.0
148.25,-37.75,2020,20,133.8,2675.5,0.0,10.0
148.25,-37.25,2020,149,106.0,15794.4,0.0,10.1
148.25,-36.75,2020,5,99.5,497.7,0.0,0.0
148.25,-36.25,2020,27,148.5,4008.3,3.7,22.2
148.25,-35.75,2020,376,131.0,49272.6,0.5,16.5
148.25,-35.25,2020,129,127.2,16406.2,1.6,17.8
148.25,-34.25,2020,1,51.5,51.5,0.0,0.0
148.25,-28.25,2020,1,55.6,55.6,0.0,0.0
148.25,-27.75,2020,4,81.8,327.2,0.0,0.0
148.25,-27.25,2020,2,69.5,139.0,0.0,0.0
148.25,-26.75,2020,1,172.7,172.7,0.0,0.0
148.25,-25.25,2020,3,111.8,335.5,0.0,0.0
148.25,-24.75,2020,3,62.7,188.2,0.0,0.0
148.25,-24.25,2020,2,343.0,686.0,0.0,100.0
148.25,-23.25,2020,1,117.0,117.0,0.0,0.0
148.25,-22.75,2020,3,53.0,159.1,0.0,0.0
148.25,-22.25,2020,3,75.0,224.8,0.0,0.0
148.25,-21.25,2020,7,69.0,482.9,0.0,0.0
148.75,-37.75,2020,40,122.7,4906.3,20.0,15.0
148.75,-37.25,2020,11,98.9,1087.9,9.1,0.0
148.75,-36.25,2020,25,105.1,2627.4,0.0,12.0
148.75,-35.75,2020,230,135.1,31064.8,13.0,17.0
148.75,-35.25,2020,4,116.6,466.5,25.0,0.0
148.75,-26.25,2020,1,54.9,54.9,0.0,0.0
148.75,-25.75,2020,14,70.4,986.2,0.0,0.0
148.75,-25.25,2020,5,88.9,444.7,0.0,0.0
148.75,-24.75,2020,3,71.9,215.7,0.0,0.0
148.75,-23.25,2020,1,57.0,57.0,0.0,0.0
148.75,-22.75,2020,2,94.7,189.4,0.0,0.0
148.75,-22.25,2020,2,106.2,212.4,0.0,0.0
149.25,-37.75,2020,67,137.2,9193.3,11.9,19.4
149.25,-37.25,2020,258,125.2,32296.1,7.0,15.5
149.25,-36.75,2020,91,115.3,10491.5,8.8,15.4
149.25,-36.25,2020,98,125.4,12286.2,0.0,14.3
149.25,-35.75,2020,140,122.4,17133.6,8.6,15.7
149.25,-33.75,2020,4,75.3,301.1,0.0,0.0
149.25,-32.25,2020,10,173.8,1737.9,10.0,50.0
149.25,-31.75,2020,17,128.4,2183.5,11.8,11.8
149.25,-31.25,2020,13,78.9,1026.0,0.0,0.0
149.25,-30.25,2020,1,55.9,55.9,0.0,0.0
149.25,-29.75,2020,1,157.0,157.0,0.0,0.0
149.25,-27.25,2020,1,62.9,62.9,0.0,0.0
149.25,-26.25,2020,1,52.5,52.5,0.0,0.0
149.25,-25.75,2020,1,50.1,50.1,0.0,0.0
149.25,-25.25,2020,1,56.5,56.5,0.0,0.0
149.25,-24.75,2020,2,99.3,198.5,0.0,0.0
149.25,-24.25,2020,4,113.9,455.7,0.0,0.0
149.25,-22.75,2020,2,91.8,183.7,0.0,0.0
149.25,-22.25,2020,4,81.3,325.4,0.0,0.0
149.75,-37.25,2020,157,161.4,25341.5,18.5,25.5
149.75,-36.75,2020,110,177.2,19493.1,8.2,33.6
149.75,-36.25,2020,100,110.2,11017.5,0.0,10.0
149.75,-35.75,2020,235,114.2,26829.1,0.4,11.5
149.75,-35.25,2020,35,156.2,5466.0,0.0,37.1
149.75,-34.75,2020,4,88.5,354.0,0.0,0.0
149.75,-34.25,2020,9,77.6,698.5,0.0,11.1
149.75,-33.75,2020,1,53.0,53.0,0.0,0.0
149.75,-30.75,2020,3,66.4,199.1,0.0,0.0
149.75,-30.25,2020,4,80.4,321.4,0.0,0.0
149.75,-26.75,2020,2,128.9,257.8,0.0,0.0
149.75,-26.25,2020,2,120.5,241.0,0.0,0.0
149.75,-25.25,2020,16,85.5,1367.6,0.0,0.0
149.75,-24.25,2020,4,87.3,349.0,0.0,0.0
149.75,-23.75,2020,14,80.5,1127.2,0.0,0.0
150.25,-37.25,2020,7,106.0,742.0,71.4,14.3
150.25,-36.25,2020,3,53.5,160.6,0.0,0.0
150.25,-35.75,2020,11,131.1,1442.3,0.0,18.2
150.25,-35.25,2020,9,75.4,678.7,0.0,0.0
150.25,-34.75,2020,68,103.4,7031.1,2.9,10.3
150.25,-34.25,2020,47,94.1,4424.1,0.0,6.4
150.25,-33.75,2020,25,164.4,4110.8,68.0,28.0
150.25,-33.25,2020,5,88.0,439.9,0.0,0.0
150.25,-32.75,2020,18,99.9,1798.6,22.2,0.0
150.25,-30.25,2020,2,128.0,256.1,0.0,0.0
150.25,-27.75,2020,3,98.7,296.1,0.0,0.0
150.25,-26.25,2020,2,81.6,163.3,0.0,0.0
150.25,-25.25,2020,8,102.2,817.3,0.0,0.0
150.25,-24.75,2020,1,65.8,65.8,0.0,0.0
150.75,-35.25,2020,3,98.8,296.4,0.0,0.0
150.75,-34.75,2020,5,65.9,329.6,0.0,0.0
150.75,-34.25,2020,2,139.8,279.6,0.0,0.0
150.75,-32.75,2020,1,65.9,65.9,100.0,0.0
150.75,-31.75,2020,2,115.9,231.8,0.0,0.0
150.75,-30.75,2020,2,81.0,162.0,0.0,0.0
150.75,-29.25,2020,14,90.0,1259.7,0.0,7.1
150.75,-27.75,2020,21,139.8,2936.4,4.8,28.6
150.75,-27.25,2020,3,73.5,220.6,0.0,0.0
150.75,-26.75,2020,5,107.0,534.8,0.0,20.0
150.75,-26.25,2020,7,84.0,587.8,0.0,0.0
150.75,-25.75,2020,4,122.8,491.3,0.0,25.0
150.75,-25.25,2020,14,94.8,1326.9,0.0,0.0
150.75,-24.75,2020,3,68.2,204.6,0.0,0.0
150.75,-24.25,2020,1,66.3,66.3,0.0,0.0
150.75,-23.75,2020,2,96.7,193.5,0.0,0.0
151.25,-32.25,2020,1,71.2,71.2,0.0,0.0
151.25,-31.75,2020,4,111.9,447.6,0.0,0.0
151.25,-30.75,2020,1,51.6,51.6,0.0,0.0
151.25,-30.25,2020,5,139.5,697.7,0.0,40.0
151.25,-28.25,2020,9,76.6,689.3,0.0,0.0
151.25,-26.75,2020,1,65.2,65.2,0.0,0.0
151.25,-26.25,2020,3,83.8,251.4,0.0,0.0
151.25,-25.75,2020,13,81.8,1063.0,0.0,0.0
151.25,-25.25,2020,2,101.9,203.8,0.0,0.0
151.25,-24.75,2020,3,83.5,250.4,0.0,0.0
151.25,-23.75,2020,4,109.5,438.2,0.0,0.0
151.75,-33.25,2020,1,80.8,80.8,0.0,0.0
151.75,-31.75,2020,2,56.3,112.6,0.0,0.0
151.75,-31.25,2020,1,67.8,67.8,0.0,0.0
151.75,-29.75,2020,1,50.8,50.8,0.0,0.0
151.75,-26.75,2020,1,57.3,57.3,0.0,0.0
151.75,-25.75,2020,2,110.8,221.6,0.0,0.0
151.75,-24.25,2020,4,78.8,315.2,0.0,0.0
152.25,-32.25,2020,1,161.1,161.1,0.0,0.0
152.25,-29.25,2020,8,99.5,796.1,0.0,0.0
152.25,-27.25,2020,2,54.7,109.4,0.0,0.0
152.25,-25.75,2020,2,71.0,142.0,0.0,0.0
152.25,-25.25,2020,4,176.7,706.7,0.0,75.0
152.75,-30.25,2020,5,76.1,380.4,0.0,0.0
152.75,-26.25,2020,1,88.5,88.5,0.0,0.0
152.75,-25.75,2020,2,162.9,325.9,0.0,50.0
152.75,-25.25,2020,2,62.3,124.5,0.0,0.0
153.25,-28.75,2020,1,98.8,98.8,0.0,0.0
153.25,-27.25,2020,1,244.8,244.8,0.0,100.0
153.25,-25.75,2020,2,99.7,199.3,0.0,0.0
153.25,-25.25,2020,74,155.2,11488.0,1.4,20.3
153.25,-24.75,2020,21,157.4,3304.6,0.0,23.8
114.75,-23.75,2021,2,71.7,143.5,0.0,0.0
114.75,-23.25,2021,2,60.5,121.0,0.0,0.0
114.75,-22.75,2021,7,118.8,831.9,0.0,14.3
115.25,-34.25,2021,2,123.3,246.7,0.0,0.0
115.25,-30.75,2021,7,66.0,461.9,28.6,0.0
115.25,-29.75,2021,1,126.8,126.8,0.0,0.0
115.25,-28.75,2021,8,148.1,1184.8,0.0,37.5
115.25,-23.25,2021,2,91.3,182.6,0.0,0.0
115.75,-34.25,2021,4,98.2,392.8,0.0,0.0
115.75,-33.75,2021,2,92.0,184.1,0.0,0.0
115.75,-32.25,2021,3,135.1,405.3,0.0,33.3
115.75,-31.75,2021,16,134.0,2144.4,0.0,18.8
115.75,-31.25,2021,12,100.9,1210.4,0.0,0.0
115.75,-30.75,2021,12,107.6,1290.8,0.0,16.7
115.75,-29.25,2021,4,96.8,387.3,0.0,0.0
115.75,-21.75,2021,2,65.1,130.3,0.0,0.0
116.25,-33.25,2021,2,185.0,370.0,0.0,0.0
116.25,-32.75,2021,3,69.2,207.6,0.0,0.0
116.25,-32.25,2021,4,66.3,265.1,0.0,0.0
116.25,-31.75,2021,30,155.8,4674.1,56.7,13.3
116.25,-30.25,2021,2,81.6,163.2,0.0,0.0
116.75,-34.75,2021,2,128.4,256.9,0.0,0.0
116.75,-34.25,2021,1,63.5,63.5,0.0,0.0
116.75,-33.75,2021,2,79.0,158.1,0.0,0.0
116.75,-33.25,2021,3,62.3,186.9,0.0,0.0
116.75,-32.25,2021,2,109.0,218.0,0.0,0.0
116.75,-31.75,2021,1,159.2,159.2,0.0,0.0
116.75,-30.25,2021,2,84.8,169.6,0.0,0.0
116.75,-21.75,2021,8,73.8,590.7,0.0,0.0
116.75,-20.75,2021,2,144.1,288.2,0.0,0.0
117.25,-34.75,2021,2,145.3,290.7,0.0,50.0
117.25,-34.25,2021,2,114.5,229.0,0.0,0.0
117.25,-33.25,2021,3,85.8,257.4,0.0,0.0
117.25,-31.75,2021,1,94.4,94.4,0.0,0.0
117.25,-22.75,2021,1,90.5,90.5,0.0,0.0
117.25,-21.75,2021,3,70.0,209.9,0.0,0.0
117.25,-21.25,2021,8,91.3,730.2,0.0,0.0
117.25,-20.75,2021,40,136.0,5440.9,0.0,27.5
117.75,-34.25,2021,1,57.5,57.5,0.0,0.0
117.75,-33.75,2021,4,87.5,349.9,0.0,0.0
117.75,-22.75,2021,2,158.7,317.4,0.0,0.0
117.75,-22.25,2021,12,101.2,1214.8,0.0,0.0
117.75,-21.25,2021,1,176.0,176.0,0.0,0.0
117.75,-20.75,2021,13,102.7,1335.4,0.0,0.0
118.25,-22.75,2021,9,71.9,647.1,0.0,0.0
118.25,-22.25,2021,6,106.9,641.6,0.0,0.0
118.25,-21.25,2021,31,131.3,4069.9,0.0,19.4
118.25,-20.75,2021,22,85.5,1881.3,0.0,0.0
118.75,-23.25,2021,1,119.0,119.0,0.0,0.0
118.75,-22.25,2021,3,89.7,269.0,0.0,0.0
118.75,-21.75,2021,8,71.0,568.2,0.0,0.0
118.75,-21.25,2021,30,122.2,3666.7,6.7,13.3
118.75,-20.75,2021,9,91.1,820.2,0.0,0.0
118.75,-20.25,2021,2,87.7,175.4,0.0,0.0
119.25,-21.75,2021,5,87.8,439.1,0.0,0.0
119.25,-21.25,2021,8,81.1,648.8,0.0,0.0
119.25,-20.75,2021,11,100.7,1107.8,0.0,0.0
119.25,-20.25,2021,17,111.6,1897.3,0.0,17.6
119.75,-32.25,2021,5,248.3,1241.7,0.0,80.0
119.75,-31.75,2021,9,133.3,1199.8,0.0,0.0
119.75,-22.75,2021,1,104.0,104.0,0.0,0.0
119.75,-22.25,2021,1,160.2,160.2,0.0,0.0
119.75,-21.75,2021,3,77.4,232.1,0.0,0.0
119.75,-21.25,2021,15,133.6,2004.6,0.0,33.3
119.75,-20.75,2021,26,101.4,2635.2,0.0,0.0
120.25,-33.75,2021,1,84.1,84.1,0.0,0.0
120.25,-31.75,2021,1,144.2,144.2,0.0,0.0
120.25,-30.75,2021,1,93.2,93.2,0.0,0.0
120.25,-30.25,2021,8,134.1,1073.1,0.0,25.0
120.25,-27.75,2021,5,69.6,347.9,0.0,0.0
120.25,-23.25,2021,8,74.1,592.7,0.0,0.0
120.25,-22.25,2021,3,75.6,226.9,0.0,0.0
120.25,-21.75,2021,1,83.8,83.8,0.0,0.0
120.25,-21.25,2021,5,167.4,837.2,0.0,20.0
120.75,-33.25,2021,16,172.4,2757.9,0.0,31.2
120.75,-31.75,2021,7,94.2,659.1,0.0,0.0
120.75,-22.25,2021,4,101.0,403.9,0.0,25.0
120.75,-21.75,2021,14,88.6,1240.1,0.0,0.0
120.75,-20.75,2021,2,123.3,246.6,0.0,0.0
120.75,-19.75,2021,4,118.7,474.9,0.0,0.0
121.25,-32.25,2021,6,134.2,805.2,0.0,16.7
121.25,-22.75,2021,1,57.7,57.7,0.0,0.0
121.25,-22.25,2021,1,59.5,59.5,0.0,0.0
121.25,-21.25,2021,1,123.6,123.6,0.0,0.0
121.25,-20.25,2021,9,88.0,791.8,0.0,0.0
121.25,-19.75,2021,3,154.7,464.2,0.0,0.0
121.75,-23.25,2021,1,51.4,51.4,100.0,0.0
121.75,-21.75,2021,1,50.4,50.4,0.0,0.0
121.75,-21.25,2021,12,106.4,1276.4,0.0,8.3
121.75,-20.75,2021,1,57.0,57.0,0.0,0.0
121.75,-20.25,2021,10,84.5,845.2,0.0,10.0
121.75,-19.75,2021,4,92.0,368.0,0.0,0.0
121.75,-19.25,2021,6,110.3,661.8,0.0,0.0
121.75,-18.75,2021,17,172.0,2924.8,5.9,29.4
121.75,-18.25,2021,7,256.5,1795.2,0.0,42.9
122.25,-28.25,2021,3,148.0,444.0,0.0,0.0
122.25,-22.75,2021,3,54.4,163.3,0.0,0.0
122.25,-20.25,2021,8,142.3,1138.6,0.0,37.5
122.25,-19.75,2021,2,123.3,246.5,0.0,0.0
122.25,-19.25,2021,12,142.1,1704.9,0.0,16.7
122.25,-18.75,2021,18,127.9,2302.4,0.0,5.6
122.25,-17.75,2021,20,97.6,1951.3,0.0,5.0
122.25,-17.25,2021,88,124.2,10930.0,0.0,14.8
122.75,-32.75,2021,13,111.9,1454.8,0.0,7.7
122.75,-30.25,2021,3,79.7,239.0,0.0,0.0
122.75,-26.25,2021,1,90.3,90.3,0.0,0.0
122.75,-22.75,2021,4,68.0,272.0,0.0,0.0
122.75,-20.75,2021,2,114.3,228.6,0.0,0.0
122.75,-20.25,2021,3,140.2,420.5,0.0,33.3
122.75,-19.75,2021,7,115.7,810.0,14.3,0.0
122.75,-19.25,2021,2,92.1,184.1,0.0,0.0
122.75,-18.25,2021,18,154.2,2775.0,0.0,27.8
122.75,-17.75,2021,36,114.4,4119.7,0.0,13.9
122.75,-17.25,2021,53,112.3,5953.9,0.0,13.2
122.75,-16.75,2021,48,100.1,4805.4,0.0,0.0
123.25,-33.25,2021,6,222.5,1334.9,0.0,50.0
123.25,-32.75,2021,4,108.5,434.1,0.0,25.0
123.25,-32.25,2021,1,50.8,50.8,0.0,0.0
123.25,-27.75,2021,2,64.9,129.8,0.0,0.0
123.25,-25.75,2021,3,122.4,367.3,0.0,0.0
123.25,-20.75,2021,7,104.2,729.7,0.0,0.0
123.25,-19.75,2021,5,130.3,651.4,0.0,0.0
123.25,-19.25,2021,7,70.3,491.9,0.0,0.0
123.25,-18.75,2021,63,104.5,6583.4,0.0,6.3
123.25,-18.25,2021,22,89.5,1968.6,0.0,9.1
123.25,-17.75,2021,31,91.4,2833.9,0.0,0.0
123.25,-17.25,2021,44,116.4,5121.7,0.0,2.3
123.25,-16.75,2021,11,98.7,1086.1,0.0,9.1
123.75,-32.25,2021,2,50.9,101.8,0.0,0.0
123.75,-31.75,2021,92,116.9,10756.9,0.0,6.5
123.75,-30.25,2021,6,102.6,615.5,0.0,16.7
123.75,-26.25,2021,2,67.4,134.7,0.0,0.0
123.75,-20.75,2021,10,112.9,1128.8,0.0,10.0
123.75,-20.25,2021,3,63.9,191.7,100.0,0.0
123.75,-19.75,2021,14,105.3,1473.8,7.1,7.1
123.75,-19.25,2021,13,151.1,1964.3,15.4,30.8
123.75,-18.75,2021,15,131.8,1976.8,6.7,26.7
123.75,-18.25,2021,8,163.2,1305.6,0.0,12.5
123.75,-17.75,2021,26,134.5,3498.2,0.0,15.4
123.75,-17.25,2021,16,87.8,1405.3,0.0,0.0
123.75,-16.75,2021,10,80.7,806.6,0.0,0.0
123.75,-16.25,2021,7,62.7,438.9,0.0,0.0
124.25,-33.25,2021,5,262.1,1310.5,0.0,60.0
124.25,-30.25,2021,13,92.4,1200.6,0.0,0.0
124.25,-21.25,2021,2,113.8,227.5,0.0,0.0
124.25,-20.75,2021,3,80.1,240.2,0.0,0.0
124.25,-20.25,2021,8,103.5,828.2,0.0,0.0
124.25,-19.25,2021,7,83.1,582.0,14.3,0.0
124.25,-18.75,2021,13,103.5,1346.0,0.0,0.0
124.25,-18.25,2021,21,101.3,2127.7,9.5,0.0
124.25,-17.75,2021,6,102.9,617.5,0.0,0.0
124.25,-17.25,2021,37,97.8,3617.5,0.0,5.4
124.25,-16.75,2021,1,63.6,63.6,0.0,0.0
124.25,-16.25,2021,1,170.0,170.0,0.0,0.0
124.75,-30.25,2021,10,87.5,874.6,0.0,0.0
124.75,-29.25,2021,4,119.5,478.2,0.0,0.0
124.75,-22.75,2021,2,108.7,217.4,0.0,0.0
124.75,-22.25,2021,1,83.3,83.3,0.0,0.0
124.75,-21.75,2021,6,85.6,513.8,0.0,0.0
124.75,-19.75,2021,10,101.5,1015.5,0.0,10.0
124.75,-18.75,2021,6,91.7,549.9,0.0,0.0
124.75,-18.25,2021,30,102.4,3071.3,6.7,6.7
124.75,-17.75,2021,1,130.3,130.3,0.0,0.0
124.75,-17.25,2021,8,110.2,881.3,0.0,0.0
124.75,-16.25,2021,4,85.2,340.7,0.0,0.0
124.75,-15.75,2021,5,87.7,438.7,0.0,0.0
125.25,-27.25,2021,4,82.0,327.9,0.0,0.0
125.25,-22.75,2021,6,232.9,1397.6,0.0,66.7
125.25,-20.75,2021,1,89.9,89.9,0.0,0.0
125.25,-20.25,2021,14,84.7,1185.8,28.6,0.0
125.25,-19.75,2021,15,99.4,1491.4,0.0,0.0
125.25,-19.25,2021,1,58.4,58.4,0.0,0.0
125.25,-18.75,2021,12,100.9,1211.1,0.0,0.0
125.25,-18.25,2021,9,121.6,1094.5,0.0,11.1
125.25,-17.75,2021,14,112.3,1572.6,14.3,7.1
125.25,-17.25,2021,3,156.2,468.8,0.0,0.0
125.25,-16.75,2021,2,55.8,111.7,0.0,0.0
125.25,-16.25,2021,11,77.4,851.4,0.0,0.0
125.25,-15.75,2021,3,103.4,310.2,0.0,33.3
125.25,-15.25,2021,1,63.0,63.0,0.0,0.0
125.25,-14.75,2021,9,78.7,708.7,0.0,0.0
125.75,-28.25,2021,2,108.0,216.0,0.0,0.0
125.75,-26.75,2021,3,161.4,484.1,0.0,33.3
125.75,-20.75,2021,8,115.3,922.8,0.0,12.5
125.75,-20.25,2021,6,116.5,699.0,0.0,0.0
125.75,-19.75,2021,34,143.4,4874.4,0.0,23.5
125.75,-19.25,2021,3,109.8,329.3,0.0,0.0
125.75,-18.75,2021,1,196.9,196.9,0.0,0.0
125.75,-18.25,2021,5,117.8,589.0,0.0,0.0
125.75,-17.25,2021,2,58.0,115.9,0.0,0.0
125.75,-15.75,2021,1,51.2,51.2,0.0,0.0
125.75,-15.25,2021,25,103.6,2589.4,0.0,0.0
125.75,-14.75,2021,6,109.9,659.3,0.0,16.7
126.25,-21.75,2021,2,63.1,126.2,0.0,0.0
126.25,-19.25,2021,3,86.2,258.5,0.0,0.0
126.25,-18.75,2021,27,94.9,2561.7,22.2,0.0
126.25,-18.25,2021,2,74.1,148.1,0.0,0.0
126.25,-17.25,2021,11,138.4,1522.2,0.0,18.2
126.25,-16.75,2021,1,52.0,52.0,0.0,0.0
126.25,-16.25,2021,1,72.9,72.9,0.0,0.0
126.25,-15.75,2021,9,65.7,591.3,0.0,0.0
126.25,-15.25,2021,12,111.5,1338.3,0.0,8.3
126.25,-14.75,2021,8,122.5,979.8,0.0,0.0
126.75,-20.25,2021,2,97.1,194.2,0.0,0.0
126.75,-19.75,2021,13,150.8,1960.3,0.0,30.8
126.75,-19.25,2021,55,116.6,6413.4,7.3,10.9
126.75,-18.75,2021,6,76.4,458.7,16.7,0.0
126.75,-18.25,2021,12,85.8,1030.1,25.0,0.0
126.75,-17.75,2021,1,55.8,55.8,100.0,0.0
126.75,-17.25,2021,3,75.0,224.9,0.0,0.0
126.75,-16.75,2021,1,56.5,56.5,0.0,0.0
126.75,-16.25,2021,2,83.9,167.7,0.0,0.0
126.75,-15.75,2021,9,87.6,788.6,0.0,0.0
126.75,-14.75,2021,1,57.6,57.6,0.0,0.0
126.75,-14.25,2021,2,74.2,148.3,0.0,0.0
127.25,-26.25,2021,1,152.6,152.6,0.0,0.0
127.25,-25.75,2021,2,67.1,134.2,0.0,0.0
127.25,-25.25,2021,7,191.1,1337.7,0.0,71.4
127.25,-20.25,2021,12,125.6,1507.5,0.0,8.3
127.25,-19.75,2021,9,115.1,1036.1,22.2,11.1
127.25,-19.25,2021,122,125.8,15350.1,15.6,11.5
127.25,-18.75,2021,101,156.7,15821.9,19.8,26.7
127.25,-18.25,2021,10,82.4,824.2,0.0,0.0
127.25,-17.75,2021,2,68.0,135.9,50.0,0.0
127.25,-17.25,2021,2,55.8,111.5,0.0,0.0
127.25,-16.75,2021,3,58.0,173.9,0.0,0.0
127.25,-16.25,2021,4,66.8,267.0,0.0,0.0
127.25,-15.75,2021,9,88.5,796.9,0.0,0.0
127.25,-15.25,2021,9,118.9,1070.0,0.0,11.1
127.25,-14.75,2021,14,90.4,1266.2,0.0,0.0
127.25,-14.25,2021,3,149.3,448.0,0.0,33.3
127.75,-25.75,2021,1,55.6,55.6,0.0,0.0
127.75,-24.75,2021,2,57.1,114.2,100.0,0.0
127.75,-19.75,2021,1,120.1,120.1,0.0,0.0
127.75,-19.25,2021,26,121.0,3145.7,0.0,3.8
127.75,-18.75,2021,34,82.3,2797.0,0.0,0.0
127.75,-18.25,2021,17,106.8,1816.0,0.0,11.8
127.75,-17.75,2021,2,92.2,184.3,0.0,0.0
127.75,-17.25,2021,1,101.5,101.5,0.0,0.0
127.75,-16.75,2021,1,96.6,96.6,0.0,0.0
127.75,-16.25,2021,1,81.8,81.8,0.0,0.0
127.75,-15.75,2021,2,95.4,190.8,0.0,0.0
127.75,-15.25,2021,1,55.1,55.1,0.0,0.0
127.75,-14.75,2021,7,92.8,649.4,0.0,0.0
127.75,-14.25,2021,4,73.3,293.1,0.0,0.0
128.25,-24.75,2021,7,91.4,639.7,0.0,0.0
128.25,-20.75,2021,1,76.3,76.3,0.0,0.0
128.25,-20.25,2021,4,167.2,669.0,0.0,50.0
128.25,-19.75,2021,2,221.2,442.4,0.0,50.0
128.25,-19.25,2021,8,99.1,792.8,0.0,0.0
128.25,-18.75,2021,10,104.3,1042.8,30.0,0.0
128.25,-18.25,2021,5,103.9,519.4,0.0,0.0
128.25,-16.75,2021,4,75.1,300.6,0.0,0.0
128.25,-15.75,2021,3,134.5,403.4,0.0,0.0
128.25,-15.25,2021,1,99.6,99.6,0.0,0.0
128.75,-29.25,2021,2,63.0,126.1,0.0,0.0
128.75,-19.75,2021,38,116.2,4417.0,0.0,10.5
128.75,-19.25,2021,22,175.4,3859.7,13.6,31.8
128.75,-18.75,2021,51,127.4,6498.1,17.6,11.8
128.75,-18.25,2021,13,106.4,1383.6,0.0,7.7
128.75,-17.25,2021,3,124.6,373.9,0.0,0.0
128.75,-16.25,2021,5,77.7,388.4,0.0,0.0
128.75,-15.75,2021,14,111.2,1556.9,0.0,14.3
128.75,-15.25,2021,6,63.5,381.0,0.0,0.0
129.25,-29.25,2021,29,130.9,3796.1,0.0,17.2
129.25,-27.75,2021,1,116.9,116.9,0.0,0.0
129.25,-21.25,2021,1,72.7,72.7,0.0,0.0
129.25,-20.25,2021,4,63.4,253.5,0.0,0.0
129.25,-19.75,2021,24,121.9,2924.7,0.0,12.5
129.25,-19.25,2021,59,129.2,7624.8,0.0,11.9
129.25,-18.75,2021,76,101.8,7738.8,2.6,9.2
129.25,-17.25,2021,2,130.4,260.8,0.0,0.0
129.25,-16.25,2021,13,98.1,1275.3,0.0,0.0
129.25,-15.75,2021,1,75.7,75.7,0.0,0.0
129.25,-15.25,2021,26,92.1,2395.5,0.0,3.8
129.25,-14.25,2021,4,58.8,235.1,0.0,0.0
129.75,-29.75,2021,1,139.8,139.8,0.0,0.0
129.75,-28.75,2021,6,133.9,803.7,0.0,0.0
129.75,-28.25,2021,8,114.9,918.9,0.0,0.0
129.75,-23.25,2021,2,74.4,148.9,0.0,0.0
129.75,-19.25,2021,2,88.5,176.9,0.0,0.0
129.75,-18.75,2021,22,109.1,2400.3,0.0,4.5
129.75,-16.25,2021,1,100.0,100.0,0.0,0.0
129.75,-15.75,2021,2,75.4,150.9,0.0,0.0
129.75,-15.25,2021,5,78.0,389.9,0.0,0.0
129.75,-14.25,2021,34,104.8,3562.1,0.0,5.9
129.75,-13.75,2021,17,85.5,1453.8,0.0,0.0
130.25,-28.25,2021,2,68.1,136.1,0.0,0.0
130.25,-23.75,2021,3,72.4,217.3,0.0,0.0
130.25,-23.25,2021,25,77.1,1927.5,0.0,0.0
130.25,-19.25,2021,5,102.5,512.5,0.0,0.0
130.25,-18.75,2021,23,122.8,2825.2,0.0,0.0
130.25,-18.25,2021,10,102.7,1026.9,0.0,0.0
130.25,-16.75,2021,3,58.2,174.5,0.0,0.0
130.25,-16.25,2021,3,79.5,238.6,0.0,0.0
130.25,-15.75,2021,10,88.8,887.6,0.0,0.0
130.25,-15.25,2021,19,65.1,1236.0,0.0,0.0
130.25,-14.75,2021,16,77.5,1240.5,0.0,0.0
130.25,-14.25,2021,26,86.4,2246.7,0.0,0.0
130.25,-13.75,2021,30,87.1,2612.7,0.0,3.3
130.25,-13.25,2021,18,79.6,1432.4,0.0,5.6
130.25,-12.75,2021,1,174.0,174.0,0.0,0.0
130.25,-11.75,2021,3,101.7,305.2,0.0,0.0
130.25,-11.25,2021,2,82.8,165.5,0.0,0.0
130.75,-29.75,2021,1,188.5,188.5,0.0,0.0
130.75,-23.75,2021,5,63.1,315.4,0.0,0.0
130.75,-23.25,2021,3,61.9,185.8,0.0,0.0
130.75,-22.75,2021,10,70.8,707.6,0.0,0.0
130.75,-19.75,2021,1,72.8,72.8,0.0,0.0
130.75,-19.25,2021,1,101.0,101.0,0.0,0.0
130.75,-18.25,2021,6,80.2,481.4,0.0,0.0
130.75,-17.75,2021,1,100.4,100.4,0.0,0.0
130.75,-17.25,2021,2,74.2,148.4,0.0,0.0
130.75,-16.75,2021,19,90.0,1709.2,0.0,0.0
130.75,-15.75,2021,1,50.6,50.6,0.0,0.0
130.75,-15.25,2021,6,86.5,519.2,0.0,0.0
130.75,-14.75,2021,19,80.8,1535.7,5.3,0.0
130.75,-14.25,2021,16,79.9,1279.2,0.0,0.0
130.75,-13.75,2021,5,60.0,300.2,0.0,0.0
130.75,-13.25,2021,20,93.9,1877.9,0.0,10.0
130.75,-12.75,2021,7,89.4,625.5,0.0,0.0
130.75,-11.75,2021,10,130.0,1299.8,0.0,0.0
130.75,-11.25,2021,20,113.2,2263.5,0.0,10.0
131.25,-24.75,2021,1,66.8,66.8,0.0,0.0
131.25,-24.25,2021,2,65.0,130.1,0.0,0.0
131.25,-23.25,2021,4,79.8,319.2,0.0,0.0
131.25,-22.75,2021,4,71.0,283.9,0.0,0.0
131.25,-18.75,2021,5,58.4,292.0,0.0,0.0
131.25,-16.75,2021,2,57.6,115.2,0.0,0.0
131.25,-15.25,2021,2,56.0,111.9,0.0,0.0
131.25,-14.75,2021,1,51.4,51.4,0.0,0.0
131.25,-14.25,2021,29,84.9,2462.4,0.0,3.4
131.25,-13.75,2021,7,145.4,1017.9,0.0,42.9
131.25,-13.25,2021,4,155.2,620.8,0.0,50.0
131.25,-12.75,2021,9,97.2,874.8,0.0,0.0
131.25,-12.25,2021,4,110.8,443.3,0.0,0.0
131.25,-11.75,2021,19,112.1,2129.8,0.0,10.5
131.25,-11.25,2021,16,108.6,1737.0,0.0,12.5
131.75,-23.75,2021,11,112.1,1232.9,0.0,0.0
131.75,-23.25,2021,5,77.3,386.6,0.0,0.0
131.75,-19.25,2021,1,134.4,134.4,0.0,0.0
131.75,-16.75,2021,3,104.1,312.4,0.0,0.0
131.75,-16.25,2021,5,110.7,553.6,0.0,20.0
131.75,-15.75,2021,1,81.8,81.8,0.0,0.0
131.75,-15.25,2021,15,83.2,1248.5,0.0,0.0
131.75,-14.75,2021,7,73.2,512.3,42.9,0.0
131.75,-14.25,2021,27,103.1,2783.4,3.7,0.0
131.75,-13.75,2021,11,62.1,683.4,0.0,0.0
131.75,-13.25,2021,18,90.1,1621.3,0.0,5.6
131.75,-12.75,2021,5,86.8,434.1,0.0,0.0
132.25,-23.75,2021,6,69.1,414.4,0.0,0.0
132.25,-23.25,2021,1,51.8,51.8,0.0,0.0
132.25,-22.75,2021,4,88.1,352.4,0.0,0.0
132.25,-22.25,2021,3,65.3,195.9,0.0,0.0
132.25,-17.25,2021,2,123.3,246.6,0.0,0.0
132.25,-16.75,2021,5,79.6,398.0,0.0,0.0
132.25,-16.25,2021,9,107.7,969.7,0.0,0.0
132.25,-15.75,2021,3,109.7,329.1,0.0,0.0
132.25,-15.25,2021,10,64.9,648.8,0.0,0.0
132.25,-14.75,2021,13,80.8,1049.8,7.7,0.0
132.25,-14.25,2021,5,72.1,360.4,0.0,0.0
132.25,-13.75,2021,4,79.7,318.6,0.0,0.0
132.25,-13.25,2021,7,75.4,528.1,0.0,0.0
132.25,-12.25,2021,2,86.8,173.7,0.0,0.0
132.25,-11.25,2021,1,119.5,119.5,0.0,0.0
132.75,-22.75,2021,2,79.3,158.7,0.0,0.0
132.75,-17.75,2021,1,58.1,58.1,0.0,0.0
132.75,-17.25,2021,14,106.8,1495.0,0.0,0.0
132.75,-15.75,2021,2,76.3,152.6,0.0,0.0
132.75,-14.75,2021,1,59.6,59.6,0.0,0.0
132.75,-14.25,2021,3,62.1,186.2,0.0,0.0
132.75,-13.25,2021,1,59.6,59.6,0.0,0.0
132.75,-12.75,2021,6,86.7,520.2,0.0,0.0
132.75,-12.25,2021,16,128.3,2053.1,0.0,18.8
132.75,-11.75,2021,18,126.7,2280.8,0.0,11.1
132.75,-11.25,2021,3,84.7,254.2,0.0,0.0
133.25,-22.75,2021,3,69.5,208.5,0.0,0.0
133.25,-22.25,2021,5,65.5,327.7,0.0,0.0
133.25,-19.75,2021,1,61.7,61.7,0.0,0.0
133.25,-19.25,2021,4,195.5,782.1,0.0,50.0
133.25,-17.75,2021,2,77.0,154.0,50.0,0.0
133.25,-16.75,2021,2,55.3,110.6,0.0,0.0
133.25,-16.25,2021,7,78.0,546.0,0.0,0.0
133.25,-15.25,2021,8,112.7,901.6,12.5,12.5
133.25,-14.75,2021,1,77.2,77.2,0.0,0.0
133.25,-14.25,2021,11,75.2,826.8,0.0,0.0
133.25,-13.75,2021,1,51.2,51.2,0.0,0.0
133.25,-12.75,2021,2,74.2,148.4,0.0,0.0
133.25,-12.25,2021,7,79.3,555.4,0.0,0.0
133.25,-11.75,2021,21,77.0,1617.9,0.0,0.0
133.75,-22.75,2021,2,62.5,124.9,0.0,0.0
133.75,-21.75,2021,1,89.7,89.7,0.0,0.0
133.75,-16.25,2021,4,90.3,361.4,0.0,0.0
133.75,-15.75,2021,10,86.6,866.5,0.0,0.0
133.75,-15.25,2021,20,79.4,1588.5,0.0,0.0
133.75,-14.75,2021,16,74.5,1192.6,0.0,0.0
133.75,-14.25,2021,4,128.3,513.3,0.0,25.0
133.75,-13.75,2021,2,67.6,135.2,0.0,0.0
133.75,-13.25,2021,1,58.7,58.7,0.0,0.0
133.75,-12.25,2021,3,70.7,212.1,0.0,0.0
133.75,-11.75,2021,2,113.8,227.6,0.0,0.0
134.25,-22.75,2021,33,73.7,2431.0,0.0,0.0
134.25,-22.25,2021,1,70.9,70.9,0.0,0.0
134.25,-16.25,2021,11,143.5,1578.5,0.0,18.2
134.25,-15.75,2021,16,87.7,1403.7,0.0,0.0
134.25,-15.25,2021,9,98.5,886.8,0.0,11.1
134.25,-14.75,2021,33,105.8,3493.0,0.0,6.1
134.25,-14.25,2021,1,149.7,149.7,0.0,0.0
134.25,-12.25,2021,7,69.2,484.2,0.0,0.0
134.75,-23.25,2021,1,96.1,96.1,0.0,0.0
134.75,-16.75,2021,2,90.8,181.7,0.0,0.0
134.75,-16.25,2021,1,69.0,69.0,0.0,0.0
134.75,-15.75,2021,36,101.6,3658.9,0.0,0.0
134.75,-15.25,2021,26,96.4,2505.7,0.0,7.7
134.75,-14.75,2021,10,106.0,1060.5,0.0,10.0
134.75,-12.75,2021,3,113.0,338.9,0.0,33.3
134.75,-12.25,2021,3,110.7,332.1,0.0,33.3
135.25,-24.25,2021,1,77.3,77.3,0.0,0.0
135.25,-17.25,2021,7,69.0,483.3,0.0,0.0
135.25,-16.75,2021,4,131.5,526.2,25.0,0.0
135.25,-16.25,2021,6,118.2,709.2,16.7,0.0
135.25,-15.75,2021,1,81.7,81.7,0.0,0.0
135.25,-15.25,2021,45,101.4,4562.4,0.0,6.7
135.25,-14.25,2021,10,153.0,1530.2,0.0,20.0
135.25,-13.75,2021,9,77.7,699.2,0.0,0.0
135.25,-12.75,2021,11,124.9,1373.5,0.0,9.1
135.25,-12.25,2021,1,161.2,161.2,0.0,0.0
135.75,-34.75,2021,1,68.9,68.9,0.0,0.0
135.75,-34.25,2021,2,153.0,306.0,0.0,0.0
135.75,-33.75,2021,1,608.0,608.0,0.0,100.0
135.75,-17.25,2021,3,68.1,204.3,0.0,0.0
135.75,-16.75,2021,16,94.8,1517.6,0.0,12.5
135.75,-16.25,2021,2,61.0,121.9,0.0,0.0
135.75,-15.75,2021,28,93.1,2605.7,0.0,7.1
135.75,-15.25,2021,25,83.0,2075.0,0.0,0.0
135.75,-14.25,2021,1,54.5,54.5,0.0,0.0
135.75,-13.75,2021,8,106.4,851.4,0.0,12.5
135.75,-13.25,2021,5,65.4,327.1,0.0,0.0
135.75,-12.75,2021,9,103.5,931.7,0.0,11.1
135.75,-12.25,2021,6,90.9,545.7,0.0,0.0
136.25,-20.75,2021,5,102.3,511.6,0.0,0.0
136.25,-17.75,2021,1,50.3,50.3,100.0,0.0
136.25,-17.25,2021,10,102.8,1027.6,0.0,0.0
136.25,-16.75,2021,26,91.0,2367.0,3.8,0.0
136.25,-16.25,2021,11,106.8,1174.7,0.0,9.1
136.25,-15.75,2021,22,96.9,2132.7,0.0,0.0
136.25,-13.25,2021,2,73.3,146.5,0.0,0.0
136.25,-12.75,2021,5,62.7,313.5,0.0,0.0
136.75,-20.75,2021,15,93.6,1404.1,13.3,6.7
136.75,-17.75,2021,2,69.4,138.8,0.0,0.0
136.75,-17.25,2021,5,173.7,868.7,0.0,40.0
136.75,-16.75,2021,19,92.8,1763.0,0.0,0.0
136.75,-16.25,2021,8,72.4,578.9,25.0,0.0
136.75,-15.75,2021,1,62.9,62.9,0.0,0.0
136.75,-14.25,2021,1,72.0,72.0,0.0,0.0
136.75,-13.75,2021,2,75.1,150.3,0.0,0.0
136.75,-12.75,2021,2,61.7,123.3,0.0,0.0
136.75,-12.25,2021,1,58.5,58.5,0.0,0.0
137.25,-35.75,2021,1,121.0,121.0,0.0,0.0
137.25,-32.25,2021,12,154.3,1851.8,0.0,16.7
137.25,-20.75,2021,8,87.6,700.6,12.5,0.0
137.25,-20.25,2021,11,139.6,1535.7,0.0,18.2
137.25,-17.75,2021,9,71.0,639.0,0.0,0.0
137.25,-16.75,2021,17,72.0,1224.8,0.0,0.0
137.25,-16.25,2021,30,93.6,2808.9,0.0,6.7
137.75,-34.75,2021,2,172.0,344.0,0.0,0.0
137.75,-17.75,2021,1,67.1,67.1,0.0,0.0
137.75,-17.25,2021,6,117.4,704.5,0.0,0.0
137.75,-16.75,2021,1,152.9,152.9,0.0,0.0
137.75,-16.25,2021,12,85.1,1021.4,0.0,8.3
138.25,-35.75,2021,1,66.0,66.0,100.0,0.0
138.25,-17.75,2021,6,66.7,400.0,16.7,0.0
138.25,-17.25,2021,11,73.9,813.4,0.0,0.0
138.25,-16.75,2021,3,179.7,539.0,0.0,33.3
138.75,-35.75,2021,1,84.0,84.0,0.0,0.0
138.75,-34.25,2021,4,54.7,218.7,0.0,0.0
138.75,-17.75,2021,5,110.2,550.8,0.0,0.0
138.75,-17.25,2021,11,81.2,893.2,0.0,9.1
138.75,-16.75,2021,12,154.9,1858.3,0.0,16.7
139.25,-35.75,2021,2,180.1,360.1,0.0,50.0
139.25,-21.75,2021,3,120.4,361.2,0.0,33.3
139.25,-19.25,2021,14,73.7,1032.4,0.0,0.0
139.75,-20.75,2021,10,121.4,1214.4,0.0,10.0
139.75,-20.25,2021,13,123.4,1603.6,0.0,7.7
139.75,-19.75,2021,3,80.8,242.3,0.0,0.0
140.25,-37.25,2021,2,72.1,144.2,0.0,0.0
140.25,-36.75,2021,7,79.3,555.4,0.0,0.0
140.25,-34.75,2021,1,156.0,156.0,0.0,0.0
140.25,-27.75,2021,5,121.2,605.8,0.0,0.0
140.25,-22.75,2021,2,60.7,121.5,0.0,0.0
140.25,-21.75,2021,3,113.8,341.5,0.0,0.0
140.25,-21.25,2021,2,256.0,511.9,0.0,100.0
140.25,-20.75,2021,7,114.6,802.1,0.0,0.0
140.25,-20.25,2021,11,68.4,752.4,0.0,0.0
140.25,-19.75,2021,1,309.2,309.2,0.0,100.0
140.75,-37.25,2021,6,114.4,686.6,0.0,0.0
140.75,-36.75,2021,5,94.0,469.9,0.0,0.0
140.75,-36.25,2021,5,164.3,821.7,0.0,20.0
140.75,-35.75,2021,6,216.6,1299.5,0.0,66.7
140.75,-34.25,2021,1,94.2,94.2,0.0,0.0
140.75,-22.25,2021,1,74.3,74.3,0.0,0.0
140.75,-21.75,2021,1,60.2,60.2,0.0,0.0
140.75,-19.75,2021,1,58.1,58.1,0.0,0.0
140.75,-17.75,2021,1,102.1,102.1,0.0,0.0
140.75,-17.25,2021,1,154.7,154.7,0.0,0.0
141.25,-37.25,2021,26,138.2,3592.2,0.0,19.2
141.25,-36.75,2021,12,105.5,1266.0,0.0,0.0
141.25,-36.25,2021,3,77.4,232.1,0.0,0.0
141.25,-35.75,2021,19,116.8,2220.0,0.0,10.5
141.25,-17.25,2021,1,200.0,200.0,0.0,0.0
141.75,-37.25,2021,2,144.2,288.3,0.0,0.0
141.75,-36.75,2021,2,97.9,195.8,0.0,0.0
141.75,-36.25,2021,1,125.7,125.7,0.0,0.0
141.75,-35.75,2021,3,72.0,216.1,0.0,0.0
141.75,-17.25,2021,1,129.7,129.7,0.0,0.0
141.75,-16.25,2021,5,106.7,533.4,40.0,20.0
141.75,-15.75,2021,3,109.5,328.6,0.0,33.3
141.75,-15.25,2021,9,79.0,711.4,0.0,0.0
141.75,-14.75,2021,2,77.2,154.4,0.0,0.0
141.75,-14.25,2021,1,92.8,92.8,0.0,0.0
141.75,-13.25,2021,4,100.7,402.8,0.0,25.0
141.75,-12.75,2021,1,88.5,88.5,0.0,0.0
141.75,-12.25,2021,1,78.6,78.6,0.0,0.0
142.25,-37.75,2021,4,102.7,410.7,0.0,0.0
142.25,-36.75,2021,9,138.4,1245.8,0.0,33.3
142.25,-34.25,2021,2,108.3,216.6,0.0,0.0
142.25,-22.75,2021,3,187.0,560.9,0.0,33.3
142.25,-21.75,2021,1,96.3,96.3,0.0,0.0
142.25,-19.75,2021,3,101.1,303.2,0.0,0.0
142.25,-19.25,2021,37,105.0,3884.1,0.0,8.1
142.25,-18.75,2021,21,88.6,1861.2,4.8,0.0
142.25,-18.25,2021,3,73.5,220.5,0.0,0.0
142.25,-17.75,2021,2,56.8,113.6,0.0,0.0
142.25,-17.25,2021,1,55.0,55.0,0.0,0.0
142.25,-16.75,2021,4,70.3,281.4,0.0,0.0
142.25,-16.25,2021,4,71.1,284.3,0.0,0.0
142.25,-15.75,2021,9,90.6,815.7,0.0,0.0
142.25,-15.25,2021,1,104.6,104.6,0.0,0.0
142.25,-14.75,2021,2,85.9,171.7,0.0,0.0
142.25,-14.25,2021,6,84.8,509.1,0.0,0.0
142.25,-13.75,2021,7,114.3,800.4,0.0,0.0
142.25,-12.75,2021,6,86.5,519.3,0.0,0.0
142.25,-12.25,2021,2,59.7,119.4,0.0,0.0
142.25,-11.75,2021,14,111.6,1562.8,0.0,7.1
142.75,-38.25,2021,2,384.0,768.0,0.0,100.0
142.75,-37.75,2021,11,129.9,1428.4,0.0,9.1
142.75,-37.25,2021,1,114.4,114.4,0.0,0.0
142.75,-36.75,2021,4,66.3,265.1,0.0,0.0
142.75,-34.75,2021,2,108.5,217.0,0.0,0.0
142.75,-33.75,2021,45,100.0,4501.3,11.1,2.2
142.75,-19.25,2021,1,51.5,51.5,0.0,0.0
142.75,-18.25,2021,4,75.4,301.7,0.0,0.0
142.75,-17.75,2021,1,57.4,57.4,0.0,0.0
142.75,-17.25,2021,12,109.0,1308.1,16.7,0.0
142.75,-16.75,2021,14,87.1,1218.7,0.0,0.0
142.75,-16.25,2021,3,62.9,188.7,0.0,0.0
142.75,-14.25,2021,7,158.4,1108.8,0.0,42.9
142.75,-13.25,2021,6,108.8,652.8,0.0,16.7
142.75,-12.75,2021,5,74.1,370.6,0.0,0.0
142.75,-11.75,2021,2,70.1,140.1,0.0,0.0
143.25,-38.25,2021,7,110.1,770.5,0.0,0.0
143.25,-37.75,2021,32,114.7,3671.5,0.0,12.5
143.25,-37.25,2021,5,120.4,601.8,0.0,20.0
143.25,-19.75,2021,2,74.3,148.7,0.0,0.0
143.25,-19.25,2021,16,81.7,1307.0,0.0,0.0
143.25,-17.25,2021,16,101.1,1617.8,0.0,12.5
143.25,-16.75,2021,12,92.4,1109.0,8.3,0.0
143.25,-16.25,2021,5,60.3,301.6,0.0,0.0
143.25,-15.75,2021,8,141.2,1129.4,0.0,37.5
143.25,-13.75,2021,2,60.3,120.6,0.0,0.0
143.25,-13.25,2021,1,99.2,99.2,0.0,0.0
143.75,-38.25,2021,10,113.5,1134.8,0.0,10.0
143.75,-37.75,2021,9,134.7,1211.9,0.0,44.4
143.75,-37.25,2021,3,81.6,244.7,0.0,0.0
143.75,-36.75,2021,1,68.3,68.3,0.0,0.0
143.75,-36.25,2021,1,144.2,144.2,0.0,0.0
143.75,-35.25,2021,1,78.0,78.0,0.0,0.0
143.75,-20.25,2021,4,79.9,319.5,0.0,0.0
143.75,-19.75,2021,10,97.1,971.0,0.0,0.0
143.75,-18.75,2021,1,91.1,91.1,0.0,0.0
143.75,-17.25,2021,2,64.1,128.2,0.0,0.0
143.75,-15.25,2021,4,85.1,340.4,0.0,0.0
143.75,-14.75,2021,3,126.7,380.1,0.0,0.0
144.25,-38.25,2021,3,147.6,442.7,0.0,0.0
144.25,-36.75,2021,2,67.3,134.6,0.0,0.0
144.25,-35.25,2021,8,129.4,1035.3,0.0,12.5
144.25,-16.75,2021,4,119.4,477.6,0.0,0.0
144.25,-15.75,2021,15,112.7,1691.2,0.0,0.0
144.25,-15.25,2021,1,148.6,148.6,0.0,0.0
144.25,-14.75,2021,11,87.0,956.5,0.0,0.0
144.25,-14.25,2021,2,91.1,182.3,0.0,0.0
144.75,-36.75,2021,12,95.6,1146.9,0.0,0.0
144.75,-36.25,2021,5,100.7,503.4,0.0,0.0
144.75,-35.75,2021,1,168.2,168.2,0.0,0.0
144.75,-35.25,2021,7,149.3,1045.3,0.0,14.3
144.75,-34.25,2021,1,76.8,76.8,0.0,0.0
144.75,-19.25,2021,1,51.3,51.3,0.0,0.0
144.75,-18.75,2021,1,55.9,55.9,0.0,0.0
144.75,-18.25,2021,14,115.4,1615.2,0.0,14.3
144.75,-17.25,2021,2,64.6,129.3,0.0,0.0
144.75,-16.25,2021,1,178.3,178.3,0.0,0.0
144.75,-15.75,2021,2,60.0,120.0,0.0,0.0
144.75,-14.25,2021,2,155.6,311.1,0.0,0.0
145.25,-41.25,2021,1,54.1,54.1,0.0,0.0
145.25,-36.75,2021,1,75.7,75.7,0.0,0.0
145.25,-36.25,2021,3,119.0,356.9,0.0,0.0
145.25,-35.75,2021,1,257.9,257.9,0.0,100.0
145.25,-35.25,2021,2,149.6,299.1,0.0,50.0
145.25,-34.25,2021,3,203.9,611.8,0.0,33.3
145.25,-22.25,2021,2,50.2,100.3,0.0,0.0
145.25,-21.75,2021,3,69.0,207.0,0.0,0.0
145.25,-21.25,2021,3,58.4,175.1,0.0,0.0
145.25,-20.75,2021,8,65.1,520.9,87.5,0.0
145.25,-18.25,2021,2,60.2,120.4,0.0,0.0
145.25,-16.75,2021,1,91.2,91.2,0.0,0.0
145.25,-16.25,2021,5,56.4,282.2,0.0,0.0
145.25,-15.75,2021,1,206.8,206.8,0.0,100.0
145.75,-41.75,2021,3,71.9,215.7,0.0,0.0
145.75,-37.75,2021,2,82.8,165.6,0.0,0.0
145.75,-36.75,2021,2,71.0,142.1,0.0,0.0
145.75,-36.25,2021,14,141.5,1980.6,0.0,14.3
145.75,-35.75,2021,25,123.4,3083.8,0.0,20.0
145.75,-35.25,2021,9,100.2,901.4,0.0,0.0
145.75,-34.75,2021,9,169.7,1527.3,0.0,22.2
145.75,-34.25,2021,17,139.0,2363.4,0.0,23.5
145.75,-33.75,2021,2,94.6,189.2,0.0,0.0
145.75,-33.25,2021,2,72.0,144.0,0.0,0.0
145.75,-31.75,2021,1,74.8,74.8,0.0,0.0
145.75,-26.25,2021,1,53.4,53.4,0.0,0.0
145.75,-25.25,2021,1,51.8,51.8,0.0,0.0
145.75,-23.25,2021,11,103.7,1140.2,0.0,0.0
145.75,-22.25,2021,3,90.1,270.3,0.0,0.0
145.75,-21.75,2021,4,390.5,1562.0,0.0,100.0
145.75,-20.75,2021,1,54.5,54.5,0.0,0.0
145.75,-18.75,2021,1,93.1,93.1,0.0,0.0
146.25,-38.25,2021,1,67.0,67.0,0.0,0.0
146.25,-37.75,2021,3,88.9,266.6,0.0,0.0
146.25,-37.25,2021,1,94.4,94.4,0.0,0.0
146.25,-36.25,2021,4,105.2,420.7,0.0,0.0
146.25,-35.75,2021,37,114.8,4246.0,0.0,5.4
146.25,-35.25,2021,2,78.0,156.0,0.0,0.0
146.25,-34.75,2021,4,86.9,347.5,0.0,0.0
146.25,-34.25,2021,11,149.8,1648.1,0.0,36.4
146.25,-33.75,2021,2,150.9,301.7,0.0,0.0
146.25,-32.75,2021,22,159.0,3497.0,0.0,31.8
146.25,-32.25,2021,1,94.9,94.9,0.0,0.0
146.25,-24.25,2021,2,89.5,179.0,0.0,0.0
146.25,-23.75,2021,7,94.8,663.6,0.0,0.0
146.25,-22.75,2021,7,85.7,599.9,0.0,0.0
146.25,-20.25,2021,1,65.0,65.0,0.0,0.0
146.25,-19.25,2021,1,118.8,118.8,0.0,0.0
146.75,-43.25,2021,2,200.8,401.7,0.0,50.0
146.75,-42.75,2021,1,177.5,177.5,0.0,0.0
146.75,-42.25,2021,4,91.2,365.0,0.0,0.0
146.75,-41.25,2021,1,73.3,73.3,0.0,0.0
146.75,-38.25,2021,2,81.6,163.2,0.0,0.0
146.75,-36.75,2021,1,87.7,87.7,0.0,0.0
146.75,-35.75,2021,13,106.9,1390.3,0.0,7.7
146.75,-35.25,2021,12,98.5,1182.6,0.0,0.0
146.75,-34.75,2021,2,73.9,147.8,0.0,0.0
146.75,-34.25,2021,3,64.8,194.2,0.0,0.0
146.75,-33.75,2021,2,150.8,301.6,0.0,0.0
146.75,-33.25,2021,16,103.8,1660.5,0.0,0.0
146.75,-32.75,2021,5,117.3,586.7,0.0,0.0
146.75,-32.25,2021,1,133.9,133.9,0.0,0.0
146.75,-30.75,2021,1,50.9,50.9,0.0,0.0
146.75,-26.75,2021,1,51.2,51.2,0.0,0.0
146.75,-25.25,2021,6,188.1,1128.6,0.0,50.0
146.75,-24.25,2021,4,64.6,258.3,0.0,0.0
146.75,-23.25,2021,1,106.6,106.6,0.0,0.0
146.75,-20.25,2021,1,58.5,58.5,0.0,0.0
147.25,-38.25,2021,2,89.1,178.2,0.0,0.0
147.25,-35.75,2021,1,275.7,275.7,0.0,100.0
147.25,-35.25,2021,3,89.6,268.7,0.0,0.0
147.25,-34.75,2021,18,99.0,1782.6,0.0,0.0
147.25,-34.25,2021,10,74.0,740.5,0.0,0.0
147.25,-33.75,2021,12,104.8,1257.1,0.0,8.3
147.25,-33.25,2021,7,129.6,907.0,0.0,14.3
147.25,-32.75,2021,11,90.7,997.4,0.0,0.0
147.25,-32.25,2021,10,209.3,2093.3,0.0,40.0
147.25,-31.75,2021,5,130.5,652.3,0.0,20.0
147.25,-26.75,2021,4,95.3,381.0,0.0,0.0
147.25,-26.25,2021,1,73.6,73.6,0.0,0.0
147.25,-25.75,2021,2,137.0,273.9,0.0,0.0
147.25,-24.75,2021,1,58.6,58.6,0.0,0.0
147.25,-23.75,2021,1,88.4,88.4,0.0,0.0
147.25,-22.75,2021,15,82.6,1239.6,0.0,6.7
147.75,-42.25,2021,1,98.3,98.3,0.0,0.0
147.75,-41.25,2021,4,95.0,379.9,0.0,0.0
147.75,-35.25,2021,2,76.8,153.7,0.0,0.0
147.75,-34.75,2021,33,115.5,3813.0,0.0,12.1
147.75,-34.25,2021,26,107.2,2787.6,0.0,3.8
147.75,-33.75,2021,4,78.9,315.8,0.0,0.0
147.75,-33.25,2021,2,72.0,144.0,0.0,0.0
147.75,-32.75,2021,6,88.2,529.3,0.0,0.0
147.75,-32.25,2021,9,90.6,815.3,0.0,0.0
147.75,-25.25,2021,3,96.0,288.1,0.0,0.0
147.75,-24.25,2021,1,90.3,90.3,0.0,0.0
148.25,-40.25,2021,1,72.4,72.4,0.0,0.0
148.25,-35.75,2021,9,107.3,965.8,0.0,0.0
148.25,-35.25,2021,1,52.6,52.6,0.0,0.0
148.25,-34.75,2021,1,60.6,60.6,0.0,0.0
148.25,-34.25,2021,8,103.2,825.8,0.0,25.0
148.25,-33.75,2021,7,91.8,642.8,0.0,14.3
148.25,-33.25,2021,10,75.5,755.0,0.0,0.0
148.25,-32.75,2021,1,114.1,114.1,0.0,0.0
148.25,-32.25,2021,4,95.1,380.6,0.0,0.0
148.25,-31.75,2021,2,78.1,156.1,0.0,0.0
148.25,-29.25,2021,3,141.5,424.5,0.0,33.3
148.25,-27.25,2021,5,85.9,429.7,0.0,0.0
148.25,-26.75,2021,1,73.3,73.3,0.0,0.0
148.25,-25.25,2021,29,103.2,2991.5,0.0,0.0
148.25,-24.75,2021,4,123.0,492.1,0.0,0.0
148.25,-24.25,2021,2,83.7,167.3,0.0,0.0
148.25,-20.75,2021,3,69.3,208.0,0.0,0.0
148.75,-37.25,2021,1,214.7,214.7,0.0,100.0
148.75,-34.75,2021,1,110.8,110.8,0.0,0.0
148.75,-34.25,2021,4,74.2,296.9,0.0,0.0
148.75,-33.75,2021,10,113.9,1138.8,0.0,10.0
148.75,-33.25,2021,3,101.8,305.5,0.0,0.0
148.75,-32.75,2021,1,79.6,79.6,0.0,0.0
148.75,-32.25,2021,6,172.1,1032.5,0.0,33.3
148.75,-31.75,2021,4,122.6,490.2,0.0,0.0
148.75,-31.25,2021,6,115.1,690.7,0.0,0.0
148.75,-30.75,2021,1,71.3,71.3,0.0,0.0
148.75,-27.75,2021,2,98.8,197.5,0.0,0.0
148.75,-27.25,2021,6,117.4,704.3,0.0,0.0
148.75,-26.25,2021,8,139.2,1113.8,0.0,25.0
148.75,-25.75,2021,1,59.5,59.5,0.0,0.0
148.75,-25.25,2021,1,58.2,58.2,0.0,0.0
148.75,-24.75,2021,1,64.9,64.9,0.0,0.0
148.75,-24.25,2021,16,91.8,1468.0,0.0,12.5
148.75,-23.25,2021,1,71.3,71.3,0.0,0.0
148.75,-22.25,2021,3,58.1,174.3,0.0,0.0
148.75,-21.25,2021,7,115.5,808.8,0.0,0.0
149.25,-37.25,2021,2,140.2,280.5,0.0,0.0
149.25,-36.75,2021,3,130.4,391.2,0.0,0.0
149.25,-33.75,2021,1,100.3,100.3,0.0,0.0
149.25,-32.25,2021,1,67.3,67.3,0.0,0.0
149.25,-29.75,2021,2,102.1,204.2,0.0,0.0
149.25,-26.25,2021,2,60.3,120.5,0.0,0.0
149.25,-25.75,2021,3,90.6,271.8,0.0,0.0
149.25,-25.25,2021,1,53.3,53.3,0.0,0.0
149.25,-24.25,2021,2,109.9,219.8,0.0,0.0
149.25,-22.25,2021,1,275.4,275.4,0.0,100.0
149.25,-21.75,2021,5,160.0,799.8,0.0,40.0
149.75,-31.75,2021,1,107.3,107.3,0.0,0.0
149.75,-30.25,2021,2,95.6,191.2,0.0,0.0
149.75,-29.25,2021,1,64.5,64.5,0.0,0.0
149.75,-28.25,2021,1,70.7,70.7,0.0,0.0
149.75,-27.75,2021,3,62.2,186.5,0.0,0.0
149.75,-26.25,2021,2,64.2,128.4,0.0,0.0
149.75,-25.75,2021,2,196.0,392.1,0.0,0.0
149.75,-25.25,2021,5,60.1,300.5,0.0,0.0
149.75,-24.75,2021,1,106.7,106.7,0.0,0.0
149.75,-23.75,2021,9,117.1,1054.3,0.0,0.0
149.75,-23.25,2021,8,120.8,966.1,0.0,0.0
150.25,-31.25,2021,1,87.4,87.4,0.0,0.0
150.25,-30.25,2021,1,63.7,63.7,0.0,0.0
150.25,-25.75,2021,3,64.1,192.2,0.0,0.0
150.25,-25.25,2021,3,62.3,186.8,0.0,0.0
150.25,-24.25,2021,1,120.7,120.7,0.0,0.0
150.25,-22.75,2021,9,69.0,621.1,0.0,0.0
150.25,-22.25,2021,1,61.0,61.0,0.0,0.0
150.75,-27.25,2021,2,67.1,134.2,0.0,0.0
150.75,-26.25,2021,3,105.2,315.5,0.0,0.0
150.75,-25.75,2021,1,51.0,51.0,0.0,0.0
150.75,-25.25,2021,1,142.6,142.6,0.0,0.0
150.75,-24.75,2021,2,68.2,136.3,0.0,0.0
150.75,-23.25,2021,1,232.0,232.0,0.0,100.0
150.75,-22.75,2021,1,71.8,71.8,0.0,0.0
151.25,-28.25,2021,8,71.2,569.6,0.0,0.0
151.25,-26.75,2021,1,76.3,76.3,0.0,0.0
151.25,-26.25,2021,7,77.4,541.5,0.0,0.0
151.25,-25.75,2021,3,57.0,170.9,0.0,0.0
151.25,-25.25,2021,6,83.1,498.8,0.0,0.0
151.75,-24.75,2021,4,88.1,352.4,0.0,0.0
151.75,-24.25,2021,2,106.8,213.5,0.0,0.0
152.25,-29.25,2021,1,55.2,55.2,0.0,0.0
152.25,-26.75,2021,2,63.8,127.6,0.0,0.0
152.25,-26.25,2021,2,56.8,113.6,0.0,0.0
152.25,-25.25,2021,3,176.2,528.7,0.0,66.7
152.75,-31.25,2021,1,71.8,71.8,0.0,0.0
152.75,-30.25,2021,1,211.8,211.8,0.0,100.0
152.75,-26.75,2021,1,93.5,93.5,0.0,0.0
152.75,-25.25,2021,3,117.1,351.4,0.0,0.0
153.25,-27.25,2021,1,122.9,122.9,100.0,0.0
113.75,-22.75,2022,2,86.8,173.6,0.0,0.0
113.75,-22.25,2022,1,98.6,98.6,0.0,0.0
114.25,-27.75,2022,1,54.5,54.5,0.0,0.0
114.25,-26.75,2022,4,148.4,593.7,0.0,50.0
114.25,-24.75,2022,12,127.4,1529.0,0.0,8.3
114.25,-24.25,2022,11,69.6,765.9,0.0,0.0
114.25,-23.25,2022,1,88.5,88.5,0.0,0.0
114.25,-22.75,2022,13,84.8,1102.5,0.0,0.0
114.25,-22.25,2022,12,88.7,1064.5,0.0,0.0
114.75,-26.25,2022,1,58.0,58.0,0.0,0.0
114.75,-25.75,2022,90,94.5,8505.2,10.0,2.2
114.75,-25.25,2022,59,87.5,5161.7,13.6,3.4
114.75,-24.75,2022,22,116.4,2560.5,0.0,13.6
114.75,-23.75,2022,3,152.3,457.0,0.0,33.3
114.75,-23.25,2022,5,130.9,654.4,0.0,20.0
114.75,-22.75,2022,14,91.2,1276.6,0.0,0.0
115.25,-34.25,2022,3,101.3,303.8,0.0,0.0
115.25,-33.75,2022,3,89.9,269.6,66.7,0.0
115.25,-31.25,2022,1,62.9,62.9,0.0,0.0
115.25,-30.75,2022,3,173.3,519.8,0.0,0.0
115.25,-30.25,2022,31,118.7,3678.6,0.0,16.1
115.25,-29.75,2022,1,141.0,141.0,0.0,0.0
115.25,-25.75,2022,1,80.9,80.9,0.0,0.0
115.25,-25.25,2022,26,80.6,2095.8,0.0,0.0
115.25,-23.25,2022,3,85.4,256.1,0.0,0.0
115.75,-34.75,2022,4,84.9,339.6,0.0,0.0
115.75,-34.25,2022,14,128.0,1791.4,0.0,14.3
115.75,-33.75,2022,3,101.0,303.1,0.0,0.0
115.75,-33.25,2022,3,179.1,537.3,0.0,0.0
115.75,-32.25,2022,2,69.9,139.9,0.0,0.0
115.75,-31.75,2022,16,129.9,2078.6,0.0,18.8
115.75,-31.25,2022,10,148.2,1481.8,0.0,30.0
115.75,-30.25,2022,2,95.4,190.8,0.0,0.0
115.75,-29.25,2022,4,103.2,412.6,0.0,0.0
115.75,-28.75,2022,1,87.5,87.5,0.0,0.0
116.25,-34.75,2022,1,100.4,100.4,0.0,0.0
116.25,-34.25,2022,3,64.0,192.1,0.0,0.0
116.25,-33.75,2022,11,231.8,2550.3,0.0,54.5
116.25,-33.25,2022,14,129.4,1811.7,0.0,14.3
116.25,-32.25,2022,43,131.0,5634.3,0.0,14.0
116.25,-31.75,2022,12,137.5,1649.8,0.0,16.7
116.25,-31.25,2022,6,117.6,705.7,0.0,0.0
116.25,-30.75,2022,5,66.1,330.3,0.0,0.0
116.25,-30.25,2022,6,60.6,363.4,0.0,0.0
116.25,-29.75,2022,1,100.8,100.8,0.0,0.0
116.25,-28.75,2022,1,57.4,57.4,0.0,0.0
116.25,-22.25,2022,6,112.6,675.5,0.0,0.0
116.25,-21.75,2022,2,64.6,129.2,0.0,0.0
116.25,-21.25,2022,8,89.1,713.1,12.5,0.0
116.75,-34.75,2022,35,142.1,4974.0,0.0,20.0
116.75,-34.25,2022,7,89.3,624.9,0.0,0.0
116.75,-33.75,2022,2,70.3,140.6,0.0,0.0
116.75,-32.75,2022,3,83.5,250.6,0.0,0.0
116.75,-32.25,2022,6,71.3,427.7,0.0,0.0
116.75,-31.75,2022,9,89.2,803.0,0.0,11.1
116.75,-31.25,2022,6,116.6,699.8,0.0,33.3
116.75,-30.75,2022,1,79.7,79.7,0.0,0.0
116.75,-30.25,2022,6,68.1,408.3,0.0,0.0
116.75,-22.75,2022,1,126.5,126.5,0.0,0.0
116.75,-21.75,2022,11,77.2,849.0,0.0,0.0
116.75,-21.25,2022,33,100.6,3321.1,0.0,0.0
117.25,-34.75,2022,5,206.5,1032.4,0.0,40.0
117.25,-33.25,2022,6,75.9,455.6,0.0,0.0
117.25,-32.75,2022,8,72.3,578.7,0.0,0.0
117.25,-32.25,2022,6,101.7,610.2,0.0,0.0
117.25,-31.75,2022,4,112.0,447.9,0.0,0.0
117.25,-31.25,2022,1,146.5,146.5,0.0,0.0
117.25,-22.25,2022,5,68.2,341.1,0.0,0.0
117.25,-21.75,2022,5,82.2,411.0,0.0,0.0
117.25,-21.25,2022,4,94.8,379.4,0.0,0.0
117.75,-35.25,2022,1,78.4,78.4,0.0,0.0
117.75,-33.75,2022,4,81.2,324.8,0.0,0.0
117.75,-33.25,2022,2,105.4,210.7,0.0,0.0
117.75,-32.25,2022,33,136.3,4497.9,0.0,12.1
117.75,-31.75,2022,2,216.9,433.7,0.0,50.0
117.75,-31.25,2022,1,217.8,217.8,0.0,100.0
117.75,-22.25,2022,3,129.0,387.1,0.0,0.0
117.75,-21.75,2022,3,99.6,298.8,0.0,0.0
117.75,-21.25,2022,1,53.5,53.5,0.0,0.0
118.25,-30.75,2022,1,73.6,73.6,0.0,0.0
118.25,-29.75,2022,10,127.8,1278.5,0.0,20.0
118.25,-21.75,2022,2,191.8,383.5,0.0,50.0
118.25,-21.25,2022,14,105.0,1469.8,0.0,7.1
118.25,-20.75,2022,27,166.8,4504.3,3.7,25.9
118.25,-20.25,2022,1,61.7,61.7,0.0,0.0
118.75,-34.25,2022,5,184.0,920.2,0.0,20.0
118.75,-33.75,2022,1,138.0,138.0,0.0,0.0
118.75,-22.75,2022,8,99.0,791.8,0.0,0.0
118.75,-21.75,2022,1,97.1,97.1,0.0,0.0
118.75,-21.25,2022,1,245.1,245.1,0.0,100.0
118.75,-20.75,2022,1,152.5,152.5,0.0,0.0
119.25,-34.25,2022,14,178.9,2505.0,0.0,35.7
119.25,-32.75,2022,3,80.0,239.9,0.0,0.0
119.25,-32.25,2022,7,93.2,652.5,0.0,0.0
119.25,-31.25,2022,1,55.0,55.0,0.0,0.0
119.25,-28.75,2022,6,172.3,1033.9,0.0,50.0
119.25,-22.75,2022,1,130.0,130.0,0.0,0.0
119.25,-22.25,2022,1,124.0,124.0,0.0,0.0
119.25,-20.75,2022,1,60.1,60.1,0.0,0.0
119.75,-30.25,2022,22,89.8,1976.0,0.0,0.0
119.75,-22.75,2022,1,51.1,51.1,0.0,0.0
119.75,-21.75,2022,1,78.6,78.6,0.0,0.0
119.75,-21.25,2022,4,61.2,244.9,50.0,0.0
119.75,-20.75,2022,5,112.8,564.0,0.0,20.0
120.25,-33.75,2022,2,91.9,183.8,0.0,0.0
120.25,-32.25,2022,1,58.5,58.5,0.0,0.0
120.25,-31.75,2022,1,61.7,61.7,0.0,0.0
120.25,-30.75,2022,8,96.3,770.6,0.0,0.0
120.25,-30.25,2022,11,111.4,1224.9,0.0,9.1
120.25,-27.25,2022,2,88.3,176.6,0.0,0.0
120.25,-22.25,2022,3,101.9,305.6,0.0,0.0
120.25,-21.75,2022,3,98.9,296.6,0.0,0.0
120.25,-21.25,2022,25,100.4,2509.9,0.0,0.0
120.25,-20.75,2022,6,99.6,597.6,0.0,0.0
120.75,-33.75,2022,1,130.3,130.3,0.0,0.0
120.75,-32.25,2022,2,98.2,196.4,0.0,0.0
120.75,-31.75,2022,3,86.1,258.2,0.0,0.0
120.75,-30.75,2022,18,114.9,2067.6,0.0,5.6
120.75,-30.25,2022,7,67.6,473.4,28.6,0.0
120.75,-29.75,2022,1,74.2,74.2,0.0,0.0
120.75,-22.25,2022,3,72.9,218.6,0.0,0.0
120.75,-21.25,2022,11,104.6,1150.1,0.0,0.0
120.75,-20.75,2022,2,166.7,333.5,0.0,0.0
121.25,-31.75,2022,1,107.0,107.0,0.0,0.0
121.25,-29.75,2022,12,65.5,785.6,0.0,0.0
121.25,-20.25,2022,2,104.4,208.8,0.0,0.0
121.25,-19.75,2022,3,64.7,194.0,0.0,0.0
121.75,-22.75,2022,1,65.4,65.4,0.0,0.0
121.75,-20.75,2022,1,68.6,68.6,100.0,0.0
121.75,-20.25,2022,1,97.2,97.2,0.0,0.0
121.75,-19.75,2022,3,91.4,274.2,0.0,0.0
121.75,-18.75,2022,4,77.8,311.3,0.0,0.0
122.25,-31.75,2022,1,215.7,215.7,0.0,100.0
122.25,-25.25,2022,9,177.8,1599.8,0.0,55.6
122.25,-23.75,2022,1,61.7,61.7,0.0,0.0
122.25,-22.75,2022,4,81.5,326.1,0.0,0.0
122.25,-20.25,2022,7,84.1,588.8,0.0,0.0
122.25,-19.75,2022,6,170.8,1024.6,0.0,16.7
122.25,-18.75,2022,12,98.2,1178.9,0.0,8.3
122.25,-18.25,2022,2,83.2,166.3,0.0,0.0
122.75,-32.25,2022,2,81.4,162.8,0.0,0.0
122.75,-25.75,2022,2,61.7,123.4,0.0,0.0
122.75,-21.75,2022,1,59.0,59.0,0.0,0.0
122.75,-20.25,2022,16,85.6,1368.8,0.0,0.0
122.75,-19.75,2022,6,72.6,435.5,0.0,0.0
122.75,-19.25,2022,5,92.4,462.0,0.0,20.0
122.75,-18.75,2022,6,110.2,661.3,0.0,16.7
122.75,-18.25,2022,7,88.6,620.0,0.0,0.0
122.75,-17.75,2022,1,52.3,52.3,0.0,0.0
122.75,-17.25,2022,23,93.9,2158.8,0.0,0.0
122.75,-16.75,2022,43,103.4,4445.9,0.0,4.7
123.25,-27.75,2022,3,75.0,225.0,0.0,0.0
123.25,-22.25,2022,1,66.4,66.4,0.0,0.0
123.25,-21.75,2022,2,55.1,110.2,0.0,0.0
123.25,-20.75,2022,9,144.3,1298.4,0.0,33.3
123.25,-20.25,2022,7,72.6,508.5,0.0,0.0
123.25,-19.75,2022,1,51.6,51.6,0.0,0.0
123.25,-19.25,2022,20,106.4,2127.0,0.0,5.0
123.25,-18.75,2022,8,108.3,866.7,0.0,0.0
123.25,-18.25,2022,3,92.5,277.6,0.0,0.0
123.25,-17.75,2022,6,71.4,428.5,0.0,0.0
123.25,-17.25,2022,35,94.8,3318.4,0.0,2.9
123.25,-16.75,2022,6,74.5,446.9,0.0,0.0
123.75,-32.25,2022,1,55.7,55.7,0.0,0.0
123.75,-31.75,2022,2,127.4,254.8,0.0,0.0
123.75,-20.25,2022,2,83.2,166.5,0.0,0.0
123.75,-19.75,2022,22,102.3,2250.5,9.1,0.0
123.75,-19.25,2022,20,73.0,1460.5,20.0,0.0
123.75,-18.75,2022,21,99.3,2084.6,0.0,4.8
123.75,-18.25,2022,64,111.1,7107.4,0.0,9.4
123.75,-17.75,2022,47,91.8,4315.0,0.0,4.3
123.75,-17.25,2022,2,79.0,157.9,0.0,0.0
123.75,-16.25,2022,1,67.8,67.8,0.0,0.0
124.25,-31.25,2022,22,142.8,3142.6,0.0,31.8
124.25,-26.75,2022,1,105.4,105.4,0.0,0.0
124.25,-20.75,2022,2,106.2,212.4,50.0,0.0
124.25,-20.25,2022,8,154.8,1238.4,0.0,12.5
124.25,-19.75,2022,104,102.0,10612.7,1.0,5.8
124.25,-19.25,2022,11,112.7,1239.6,0.0,9.1
124.25,-18.75,2022,33,88.1,2905.7,0.0,0.0
124.25,-18.25,2022,5,104.4,522.0,0.0,0.0
124.25,-17.75,2022,39,107.5,4194.4,0.0,12.8
124.25,-17.25,2022,3,73.2,219.7,0.0,0.0
124.25,-16.75,2022,1,60.0,60.0,0.0,0.0
124.25,-15.25,2022,1,73.6,73.6,0.0,0.0
124.75,-30.25,2022,4,83.8,335.1,0.0,0.0
124.75,-22.25,2022,4,81.2,324.7,0.0,0.0
124.75,-21.25,2022,3,76.5,229.5,0.0,0.0
124.75,-20.25,2022,21,90.2,1895.1,0.0,0.0
124.75,-19.75,2022,7,90.3,632.4,28.6,0.0
124.75,-19.25,2022,8,100.4,803.1,0.0,0.0
124.75,-18.75,2022,8,131.0,1048.2,0.0,12.5
124.75,-18.25,2022,5,97.7,488.6,0.0,20.0
124.75,-17.75,2022,16,103.6,1657.7,0.0,12.5
124.75,-16.75,2022,2,107.8,215.7,0.0,0.0
124.75,-16.25,2022,1,98.6,98.6,0.0,0.0
125.25,-27.25,2022,3,131.4,394.2,0.0,0.0
125.25,-21.75,2022,1,66.5,66.5,100.0,0.0
125.25,-20.75,2022,1,150.4,150.4,0.0,0.0
125.25,-20.25,2022,4,74.1,296.4,25.0,0.0
125.25,-19.75,2022,21,84.7,1778.4,0.0,0.0
125.25,-19.25,2022,21,109.1,2290.7,0.0,9.5
125.25,-18.75,2022,13,101.2,1315.7,0.0,7.7
125.25,-18.25,2022,8,68.0,544.1,0.0,0.0
125.25,-17.75,2022,1,84.2,84.2,0.0,0.0
125.25,-17.25,2022,5,127.5,637.5,0.0,0.0
125.25,-16.75,2022,16,71.7,1147.3,0.0,0.0
125.25,-16.25,2022,3,74.0,221.9,0.0,0.0
125.25,-15.75,2022,1,81.0,81.0,0.0,0.0
125.75,-22.25,2022,26,89.7,2332.2,0.0,0.0
125.75,-21.25,2022,9,115.5,1039.8,0.0,0.0
125.75,-20.75,2022,1,81.8,81.8,0.0,0.0
125.75,-20.25,2022,1,215.9,215.9,100.0,100.0
125.75,-19.75,2022,5,61.9,309.3,0.0,0.0
125.75,-19.25,2022,27,87.8,2370.5,0.0,0.0
125.75,-18.75,2022,12,92.0,1103.5,8.3,0.0
125.75,-17.75,2022,2,107.9,215.7,0.0,0.0
125.75,-16.75,2022,3,62.8,188.4,0.0,0.0
125.75,-16.25,2022,2,126.4,252.8,0.0,0.0
125.75,-15.75,2022,2,63.0,126.1,0.0,0.0
125.75,-15.25,2022,4,103.8,415.2,0.0,0.0
125.75,-14.75,2022,1,64.3,64.3,0.0,0.0
125.75,-14.25,2022,2,86.2,172.4,0.0,0.0
126.25,-25.25,2022,2,59.7,119.4,0.0,0.0
126.25,-21.25,2022,2,67.4,134.7,0.0,0.0
126.25,-20.75,2022,1,50.3,50.3,0.0,0.0
126.25,-19.75,2022,5,130.2,651.0,0.0,0.0
126.25,-19.25,2022,1,71.2,71.2,0.0,0.0
126.25,-18.75,2022,7,63.3,443.0,0.0,0.0
126.25,-17.25,2022,10,94.5,945.0,0.0,10.0
126.25,-16.75,2022,23,100.1,2302.5,0.0,4.3
126.25,-16.25,2022,19,103.8,1972.6,0.0,5.3
126.25,-15.75,2022,5,63.8,318.8,0.0,0.0
126.25,-15.25,2022,3,88.5,265.5,0.0,0.0
126.25,-14.75,2022,1,64.2,64.2,0.0,0.0
126.25,-14.25,2022,1,66.5,66.5,0.0,0.0
126.75,-20.75,2022,16,167.5,2680.1,0.0,6.2
126.75,-19.75,2022,13,109.1,1417.9,0.0,7.7
126.75,-19.25,2022,27,99.5,2685.7,0.0,7.4
126.75,-18.75,2022,7,80.8,565.8,0.0,0.0
126.75,-18.25,2022,5,94.5,472.3,0.0,0.0
126.75,-17.25,2022,15,107.7,1615.2,0.0,13.3
126.75,-16.75,2022,3,83.7,251.1,0.0,0.0
126.75,-16.25,2022,7,143.3,1003.3,0.0,28.6
126.75,-15.75,2022,9,76.5,688.2,0.0,0.0
126.75,-15.25,2022,2,99.4,198.8,0.0,0.0
126.75,-14.75,2022,2,83.8,167.5,0.0,0.0
126.75,-14.25,2022,10,79.4,794.2,0.0,0.0
126.75,-13.75,2022,5,86.2,431.1,0.0,0.0
127.25,-19.75,2022,7,77.6,543.0,0.0,0.0
127.25,-19.25,2022,12,156.3,1875.7,0.0,41.7
127.25,-17.25,2022,11,110.0,1210.2,0.0,9.1
127.25,-16.75,2022,19,84.3,1602.1,0.0,0.0
127.25,-16.25,2022,11,93.3,1026.0,0.0,18.2
127.25,-15.75,2022,5,69.4,347.2,0.0,0.0
127.25,-14.75,2022,3,63.4,190.1,0.0,0.0
127.25,-14.25,2022,12,87.0,1043.8,25.0,8.3
127.25,-13.75,2022,6,93.9,563.5,0.0,0.0
127.75,-22.75,2022,1,148.9,148.9,0.0,0.0
127.75,-20.25,2022,2,225.9,451.9,0.0,100.0
127.75,-19.75,2022,93,112.0,10413.6,0.0,10.8
127.75,-19.25,2022,63,111.9,7046.6,0.0,9.5
127.75,-18.75,2022,11,121.0,1331.3,18.2,18.2
127.75,-18.25,2022,9,95.9,863.0,0.0,11.1
127.75,-17.75,2022,5,72.3,361.7,0.0,0.0
127.75,-17.25,2022,2,101.3,202.6,0.0,0.0
127.75,-16.75,2022,9,98.5,886.9,0.0,0.0
127.75,-16.25,2022,2,93.6,187.2,0.0,0.0
127.75,-15.75,2022,9,90.2,811.9,0.0,11.1
127.75,-15.25,2022,4,77.6,310.6,0.0,0.0
127.75,-14.75,2022,3,123.9,371.6,0.0,33.3
127.75,-14.25,2022,1,56.7,56.7,0.0,0.0
128.25,-25.75,2022,9,85.2,767.1,0.0,0.0
128.25,-25.25,2022,4,93.3,373.1,0.0,0.0
128.25,-24.75,2022,1,60.2,60.2,0.0,0.0
128.25,-20.25,2022,44,112.7,4956.6,0.0,6.8
128.25,-19.75,2022,61,121.3,7399.1,0.0,13.1
128.25,-19.25,2022,40,147.0,5881.9,0.0,22.5
128.25,-18.75,2022,8,120.3,962.5,50.0,0.0
128.25,-18.25,2022,4,89.1,356.3,0.0,0.0
128.25,-17.25,2022,2,119.2,238.4,0.0,0.0
128.25,-16.75,2022,10,76.2,762.0,0.0,0.0
128.25,-15.75,2022,9,86.2,775.9,0.0,0.0
128.25,-15.25,2022,3,139.6,418.9,0.0,33.3
128.75,-27.75,2022,1,64.2,64.2,0.0,0.0
128.75,-25.75,2022,10,92.0,919.8,0.0,0.0
128.75,-25.25,2022,1,51.4,51.4,0.0,0.0
128.75,-24.75,2022,6,126.6,759.3,0.0,0.0
128.75,-20.25,2022,11,71.5,786.6,0.0,0.0
128.75,-19.75,2022,24,99.6,2389.6,12.5,8.3
128.75,-19.25,2022,7,85.2,596.1,0.0,0.0
128.75,-17.75,2022,19,80.1,1522.0,0.0,0.0
128.75,-17.25,2022,4,59.6,238.5,0.0,0.0
128.75,-15.75,2022,7,79.9,559.2,0.0,0.0
128.75,-15.25,2022,14,91.8,1285.1,0.0,7.1
128.75,-14.75,2022,4,53.0,212.0,0.0,0.0
129.25,-28.25,2022,1,69.6,69.6,0.0,0.0
129.25,-26.25,2022,7,120.5,843.2,0.0,0.0
129.25,-25.75,2022,30,120.2,3606.9,0.0,13.3
129.25,-24.25,2022,3,109.4,328.1,0.0,0.0
129.25,-23.75,2022,8,91.2,729.2,0.0,0.0
129.25,-23.25,2022,11,69.0,759.2,0.0,0.0
129.25,-19.75,2022,69,104.8,7233.7,0.0,1.4
129.25,-17.75,2022,2,59.2,118.5,0.0,0.0
129.25,-17.25,2022,8,65.4,523.0,12.5,0.0
129.25,-15.75,2022,4,87.7,350.7,0.0,0.0
129.25,-15.25,2022,6,64.5,387.2,0.0,0.0
129.25,-14.25,2022,6,84.2,505.3,0.0,0.0
129.75,-29.25,2022,1,78.8,78.8,0.0,0.0
129.75,-24.25,2022,29,87.0,2524.1,0.0,3.4
129.75,-23.75,2022,30,75.6,2268.6,0.0,0.0
129.75,-23.25,2022,2,86.4,172.7,0.0,0.0
129.75,-21.75,2022,3,76.7,230.0,0.0,0.0
129.75,-19.75,2022,1,93.8,93.8,0.0,0.0
129.75,-19.25,2022,3,136.4,409.2,0.0,0.0
129.75,-18.75,2022,8,96.5,772.1,0.0,0.0
129.75,-18.25,2022,8,84.9,679.0,0.0,0.0
129.75,-16.75,2022,7,177.6,1243.0,0.0,57.1
129.75,-16.25,2022,9,83.5,751.3,11.1,0.0
129.75,-15.75,2022,7,72.1,504.5,14.3,0.0
129.75,-15.25,2022,9,90.0,809.9,0.0,11.1
129.75,-14.75,2022,1,122.6,122.6,0.0,0.0
129.75,-14.25,2022,38,96.4,3662.2,0.0,0.0
129.75,-13.75,2022,42,103.9,4364.5,2.4,4.8
130.25,-26.25,2022,8,121.1,968.6,0.0,12.5
130.25,-25.25,2022,1,92.3,92.3,0.0,0.0
130.25,-24.75,2022,7,69.7,488.0,0.0,0.0
130.25,-24.25,2022,80,107.0,8558.9,32.5,10.0
130.25,-23.75,2022,53,90.9,4818.4,1.9,5.7
130.25,-23.25,2022,47,114.0,5358.6,0.0,14.9
130.25,-22.75,2022,5,59.5,297.3,0.0,0.0
130.25,-22.25,2022,3,66.5,199.5,0.0,0.0
130.25,-18.25,2022,23,87.9,2022.6,0.0,0.0
130.25,-17.25,2022,1,54.6,54.6,0.0,0.0
130.25,-16.75,2022,13,95.8,1245.9,0.0,0.0
130.25,-16.25,2022,3,99.7,299.2,0.0,0.0
130.25,-15.75,2022,10,100.8,1008.0,0.0,0.0
130.25,-15.25,2022,14,109.3,1530.3,0.0,14.3
130.25,-14.75,2022,33,96.7,3190.5,0.0,3.0
130.25,-14.25,2022,22,85.0,1870.0,0.0,0.0
130.25,-13.75,2022,23,98.4,2263.2,0.0,0.0
130.25,-13.25,2022,3,67.0,200.9,0.0,0.0
130.25,-12.75,2022,1,56.6,56.6,0.0,0.0
130.25,-11.75,2022,6,83.2,498.9,0.0,0.0
130.75,-30.25,2022,5,81.7,408.5,0.0,0.0
130.75,-25.75,2022,4,88.7,354.8,0.0,0.0
130.75,-25.25,2022,9,94.3,848.6,0.0,0.0
130.75,-24.75,2022,1,53.4,53.4,0.0,0.0
130.75,-24.25,2022,5,110.6,552.9,0.0,0.0
130.75,-23.75,2022,73,120.6,8803.9,0.0,12.3
130.75,-23.25,2022,22,100.7,2214.6,0.0,4.5
130.75,-22.75,2022,8,85.0,680.1,0.0,0.0
130.75,-19.25,2022,1,101.3,101.3,0.0,0.0
130.75,-18.75,2022,31,103.5,3207.8,0.0,12.9
130.75,-18.25,2022,16,75.3,1204.9,0.0,0.0
130.75,-16.75,2022,1,59.1,59.1,0.0,0.0
130.75,-16.25,2022,9,71.5,643.6,0.0,0.0
130.75,-15.75,2022,15,95.7,1436.0,0.0,13.3
130.75,-15.25,2022,34,96.6,3284.0,0.0,2.9
130.75,-14.75,2022,34,86.6,2945.8,0.0,2.9
130.75,-14.25,2022,10,77.5,774.6,0.0,0.0
130.75,-13.75,2022,11,86.3,949.5,0.0,0.0
130.75,-13.25,2022,33,122.8,4051.2,0.0,15.2
130.75,-12.75,2022,6,107.7,645.9,0.0,0.0
130.75,-12.25,2022,2,146.7,293.3,0.0,0.0
130.75,-11.75,2022,7,84.4,590.7,0.0,0.0
131.25,-29.25,2022,1,81.3,81.3,0.0,0.0
131.25,-27.25,2022,3,90.7,272.0,0.0,0.0
131.25,-25.25,2022,21,132.1,2774.8,0.0,9.5
131.25,-24.75,2022,4,80.9,323.4,0.0,0.0
131.25,-24.25,2022,65,110.8,7201.9,3.1,10.8
131.25,-23.75,2022,19,89.6,1701.9,0.0,5.3
131.25,-23.25,2022,34,88.1,2996.7,5.9,2.9
131.25,-20.75,2022,7,91.0,636.9,0.0,0.0
131.25,-18.75,2022,1,96.5,96.5,0.0,0.0
131.25,-16.25,2022,4,82.8,331.3,0.0,0.0
131.25,-15.75,2022,12,109.6,1315.6,0.0,8.3
131.25,-15.25,2022,14,60.7,850.4,0.0,0.0
131.25,-14.75,2022,9,72.8,655.1,0.0,0.0
131.25,-14.25,2022,6,62.8,376.8,0.0,0.0
131.25,-13.75,2022,4,113.7,454.9,0.0,25.0
131.25,-13.25,2022,14,93.1,1303.2,0.0,7.1
131.25,-12.75,2022,5,63.4,317.2,0.0,0.0
131.25,-12.25,2022,4,125.1,500.2,0.0,25.0
131.25,-11.75,2022,3,81.5,244.4,0.0,0.0
131.75,-25.75,2022,4,121.4,485.4,0.0,0.0
131.75,-25.25,2022,4,103.3,413.2,0.0,0.0
131.75,-24.75,2022,7,71.2,498.2,0.0,0.0
131.75,-24.25,2022,2,83.4,166.8,0.0,0.0
131.75,-23.75,2022,12,82.2,986.8,0.0,0.0
131.75,-23.25,2022,27,90.2,2435.7,0.0,3.7
131.75,-22.75,2022,14,69.2,968.9,28.6,0.0
131.75,-22.25,2022,28,127.5,3569.7,0.0,21.4
131.75,-21.75,2022,22,135.5,2980.1,0.0,22.7
131.75,-21.25,2022,28,137.9,3860.2,0.0,17.9
131.75,-17.75,2022,4,63.0,252.1,0.0,0.0
131.75,-15.75,2022,18,73.4,1321.0,0.0,0.0
131.75,-15.25,2022,14,71.2,997.5,0.0,0.0
131.75,-14.75,2022,33,118.2,3899.7,3.0,18.2
131.75,-14.25,2022,15,98.6,1479.3,0.0,6.7
131.75,-13.75,2022,8,94.1,752.8,0.0,0.0
131.75,-13.25,2022,11,121.5,1336.4,0.0,9.1
131.75,-12.75,2022,9,72.6,653.7,0.0,0.0
131.75,-11.25,2022,2,81.4,162.8,0.0,0.0
132.25,-25.75,2022,1,153.2,153.2,0.0,0.0
132.25,-24.75,2022,8,66.1,528.9,0.0,0.0
132.25,-23.75,2022,38,108.4,4119.0,2.6,2.6
132.25,-23.25,2022,5,56.9,284.6,0.0,0.0
132.25,-22.75,2022,38,103.1,3919.2,0.0,10.5
132.25,-22.25,2022,2,53.6,107.1,0.0,0.0
132.25,-21.25,2022,19,85.4,1622.4,0.0,5.3
132.25,-17.75,2022,2,76.3,152.6,0.0,0.0
132.25,-17.25,2022,13,128.9,1675.6,0.0,15.4
132.25,-16.25,2022,4,72.0,287.9,50.0,0.0
132.25,-15.75,2022,35,250.8,8776.8,0.0,51.4
132.25,-15.25,2022,13,92.0,1196.3,0.0,0.0
132.25,-14.75,2022,12,86.6,1038.6,0.0,0.0
132.25,-14.25,2022,1,55.6,55.6,0.0,0.0
132.25,-13.75,2022,15,163.7,2455.6,0.0,26.7
132.25,-13.25,2022,10,86.1,860.9,0.0,0.0
132.25,-12.75,2022,7,98.7,691.0,0.0,0.0
132.25,-12.25,2022,5,105.3,526.6,0.0,0.0
132.75,-25.25,2022,6,90.9,545.6,0.0,0.0
132.75,-24.75,2022,1,86.3,86.3,0.0,0.0
132.75,-23.75,2022,7,88.8,621.7,0.0,0.0
132.75,-23.25,2022,2,153.5,307.1,0.0,50.0
132.75,-22.25,2022,1,65.0,65.0,0.0,0.0
132.75,-21.75,2022,12,84.0,1007.9,16.7,0.0
132.75,-21.25,2022,2,67.4,134.8,0.0,0.0
132.75,-17.75,2022,1,84.6,84.6,0.0,0.0
132.75,-17.25,2022,1,79.5,79.5,0.0,0.0
132.75,-16.25,2022,1,54.2,54.2,0.0,0.0
132.75,-15.75,2022,1,50.6,50.6,0.0,0.0
132.75,-15.25,2022,15,106.3,1594.5,0.0,0.0
132.75,-14.75,2022,34,100.9,3429.2,0.0,2.9
132.75,-14.25,2022,13,100.2,1302.8,0.0,0.0
132.75,-13.75,2022,5,86.6,433.1,0.0,0.0
132.75,-13.25,2022,4,57.1,228.3,0.0,0.0
132.75,-12.75,2022,8,95.5,764.2,0.0,0.0
132.75,-12.25,2022,18,89.8,1616.3,0.0,5.6
132.75,-11.75,2022,4,132.7,530.7,0.0,0.0
132.75,-11.25,2022,1,57.9,57.9,0.0,0.0
133.25,-23.25,2022,3,59.0,177.1,0.0,0.0
133.25,-22.75,2022,28,172.5,4830.7,0.0,32.1
133.25,-15.75,2022,1,53.2,53.2,0.0,0.0
133.25,-15.25,2022,10,87.5,875.4,0.0,0.0
133.25,-14.75,2022,6,77.7,466.1,0.0,0.0
133.25,-14.25,2022,1,97.7,97.7,0.0,0.0
133.25,-13.75,2022,1,83.8,83.8,0.0,0.0
133.25,-12.75,2022,4,81.4,325.6,0.0,0.0
133.25,-12.25,2022,5,107.4,537.2,0.0,0.0
133.75,-24.25,2022,1,83.9,83.9,0.0,0.0
133.75,-23.75,2022,2,108.1,216.3,0.0,0.0
133.75,-23.25,2022,23,91.6,2107.1,0.0,4.3
133.75,-22.75,2022,15,100.7,1510.8,0.0,6.7
133.75,-22.25,2022,2,88.2,176.5,0.0,0.0
133.75,-19.25,2022,1,90.9,90.9,0.0,0.0
133.75,-15.25,2022,7,127.7,894.2,0.0,14.3
133.75,-14.75,2022,2,80.6,161.3,0.0,0.0
133.75,-14.25,2022,1,72.0,72.0,0.0,0.0
133.75,-13.75,2022,7,131.9,923.2,0.0,28.6
133.75,-12.75,2022,2,133.6,267.2,0.0,0.0
133.75,-12.25,2022,7,85.1,595.4,0.0,0.0
133.75,-11.75,2022,4,111.1,444.3,0.0,25.0
134.25,-32.25,2022,2,88.5,177.1,0.0,0.0
134.25,-31.75,2022,2,165.4,330.9,0.0,0.0
134.25,-23.75,2022,1,150.9,150.9,0.0,0.0
134.25,-23.25,2022,23,74.3,1707.9,0.0,0.0
134.25,-22.75,2022,1,114.8,114.8,0.0,0.0
134.25,-15.75,2022,1,67.6,67.6,0.0,0.0
134.25,-15.25,2022,9,82.9,745.8,0.0,0.0
134.25,-14.25,2022,2,83.2,166.4,0.0,0.0
134.25,-13.75,2022,6,82.0,491.8,0.0,0.0
134.25,-13.25,2022,2,74.0,147.9,0.0,0.0
134.25,-12.75,2022,15,87.5,1311.9,0.0,6.7
134.25,-12.25,2022,16,94.9,1519.0,0.0,6.2
134.25,-11.75,2022,1,62.5,62.5,0.0,0.0
134.75,-23.25,2022,2,72.8,145.6,0.0,0.0
134.75,-22.75,2022,7,89.2,624.1,0.0,0.0
134.75,-21.75,2022,2,74.6,149.1,0.0,0.0
134.75,-16.25,2022,2,73.0,146.0,0.0,0.0
134.75,-15.75,2022,7,68.1,476.6,0.0,0.0
134.75,-15.25,2022,3,85.7,257.0,0.0,0.0
134.75,-14.75,2022,2,112.4,224.9,0.0,0.0
134.75,-14.25,2022,3,90.8,272.5,0.0,0.0
134.75,-13.25,2022,7,67.3,471.1,0.0,0.0
134.75,-12.75,2022,4,163.4,653.5,0.0,25.0
134.75,-12.25,2022,5,156.3,781.6,0.0,20.0
135.25,-33.25,2022,2,166.3,332.5,0.0,50.0
135.25,-23.25,2022,3,54.3,162.9,0.0,0.0
135.25,-17.25,2022,1,59.7,59.7,0.0,0.0
135.25,-16.25,2022,6,63.6,381.9,16.7,0.0
135.25,-15.75,2022,28,89.9,2517.0,0.0,3.6
135.25,-15.25,2022,4,75.5,302.2,0.0,0.0
135.25,-14.75,2022,5,96.7,483.4,0.0,0.0
135.25,-14.25,2022,8,94.5,756.0,0.0,0.0
135.25,-13.75,2022,4,85.6,342.4,0.0,0.0
135.25,-13.25,2022,2,76.9,153.9,0.0,0.0
135.25,-12.75,2022,1,61.9,61.9,0.0,0.0
135.25,-12.25,2022,8,91.8,734.1,0.0,0.0
135.75,-34.75,2022,1,83.8,83.8,0.0,0.0
135.75,-23.75,2022,1,61.8,61.8,0.0,0.0
135.75,-16.75,2022,3,83.6,250.9,0.0,0.0
135.75,-16.25,2022,6,65.4,392.6,0.0,0.0
135.75,-15.75,2022,7,104.2,729.5,0.0,0.0
135.75,-15.25,2022,6,101.6,609.6,0.0,16.7
135.75,-14.25,2022,8,104.1,833.1,0.0,25.0
135.75,-13.75,2022,4,76.4,305.6,0.0,0.0
135.75,-12.75,2022,10,84.1,840.6,0.0,0.0
136.25,-17.25,2022,4,102.4,409.7,0.0,0.0
136.25,-16.75,2022,8,100.2,801.5,25.0,0.0
136.25,-16.25,2022,9,129.5,1165.6,0.0,0.0
136.25,-15.75,2022,14,91.6,1282.1,0.0,7.1
136.25,-14.25,2022,2,60.3,120.6,0.0,0.0
136.25,-13.75,2022,2,51.4,102.8,0.0,0.0
136.25,-12.75,2022,9,114.6,1031.7,0.0,0.0
136.25,-11.75,2022,1,117.5,117.5,0.0,0.0
136.75,-35.75,2022,4,112.5,450.1,25.0,0.0
136.75,-35.25,2022,4,105.9,423.7,0.0,0.0
136.75,-33.25,2022,1,62.8,62.8,0.0,0.0
136.75,-17.75,2022,1,58.1,58.1,0.0,0.0
136.75,-17.25,2022,51,125.0,6375.6,0.0,9.8
136.75,-16.75,2022,25,90.8,2270.3,0.0,12.0
136.75,-16.25,2022,8,91.1,728.8,0.0,0.0
136.75,-14.25,2022,1,81.6,81.6,0.0,0.0
136.75,-13.75,2022,8,117.5,940.1,0.0,0.0
136.75,-12.25,2022,1,292.1,292.1,0.0,100.0
137.25,-35.75,2022,1,108.9,108.9,0.0,0.0
137.25,-18.25,2022,10,79.7,797.2,0.0,0.0
137.25,-17.75,2022,49,92.7,4541.1,0.0,0.0
137.25,-17.25,2022,7,102.0,713.8,0.0,0.0
137.25,-16.75,2022,38,89.1,3384.5,0.0,2.6
137.25,-16.25,2022,11,99.3,1092.5,0.0,0.0
137.75,-21.25,2022,1,114.1,114.1,0.0,0.0
137.75,-20.75,2022,1,114.1,114.1,0.0,0.0
137.75,-18.25,2022,16,119.5,1911.5,0.0,0.0
137.75,-17.75,2022,2,69.4,138.8,0.0,0.0
137.75,-17.25,2022,8,74.7,597.9,0.0,0.0
137.75,-16.75,2022,58,72.8,4220.6,0.0,1.7
137.75,-16.25,2022,6,84.9,509.1,0.0,0.0
138.25,-19.75,2022,9,105.5,949.5,0.0,11.1
138.25,-19.25,2022,1,72.7,72.7,0.0,0.0
138.25,-18.25,2022,2,100.3,200.5,0.0,0.0
138.25,-17.75,2022,3,121.5,364.5,0.0,33.3
138.25,-16.75,2022,11,115.8,1274.2,0.0,9.1
138.75,-20.25,2022,7,100.7,704.8,0.0,0.0
138.75,-19.75,2022,5,73.3,366.7,0.0,0.0
138.75,-19.25,2022,5,59.7,298.7,0.0,0.0
138.75,-17.25,2022,20,90.8,1816.5,0.0,5.0
138.75,-16.75,2022,7,89.6,627.0,0.0,0.0
139.25,-21.75,2022,1,96.4,96.4,0.0,0.0
139.25,-20.75,2022,4,96.2,384.7,0.0,0.0
139.25,-17.25,2022,1,113.1,113.1,0.0,0.0
139.75,-21.75,2022,2,70.8,141.6,0.0,0.0
139.75,-21.25,2022,3,106.8,320.4,0.0,0.0
139.75,-20.25,2022,1,62.3,62.3,0.0,0.0
139.75,-19.75,2022,2,56.5,113.0,0.0,0.0
139.75,-17.75,2022,3,94.1,282.2,0.0,0.0
140.25,-37.25,2022,13,147.5,1917.6,0.0,23.1
140.25,-36.25,2022,1,117.4,117.4,0.0,0.0
140.25,-18.25,2022,1,81.2,81.2,0.0,0.0
140.75,-37.75,2022,1,74.3,74.3,0.0,0.0
140.75,-37.25,2022,7,88.4,618.6,0.0,0.0
140.75,-36.25,2022,1,58.0,58.0,0.0,0.0
140.75,-21.25,2022,4,89.1,356.4,0.0,0.0
141.25,-37.75,2022,1,50.5,50.5,0.0,0.0
141.25,-37.25,2022,2,69.0,138.1,0.0,0.0
141.25,-36.75,2022,7,90.1,630.8,0.0,0.0
141.25,-17.25,2022,2,148.8,297.6,0.0,0.0
141.75,-37.75,2022,1,90.0,90.0,0.0,0.0
141.75,-37.25,2022,5,218.9,1094.6,0.0,60.0
141.75,-36.75,2022,1,60.1,60.1,0.0,0.0
141.75,-35.25,2022,1,72.0,72.0,0.0,0.0
141.75,-19.25,2022,1,54.5,54.5,0.0,0.0
141.75,-18.75,2022,4,74.3,297.3,0.0,0.0
141.75,-16.25,2022,2,83.4,166.8,0.0,0.0
141.75,-15.75,2022,3,58.8,176.3,0.0,0.0
141.75,-15.25,2022,16,115.6,1849.0,12.5,6.2
141.75,-14.75,2022,3,60.1,180.4,0.0,0.0
141.75,-14.25,2022,2,82.2,164.3,0.0,0.0
141.75,-13.75,2022,9,87.2,785.2,0.0,0.0
141.75,-13.25,2022,16,122.7,1963.8,0.0,12.5
141.75,-12.75,2022,9,64.8,583.4,0.0,0.0
141.75,-12.25,2022,5,78.4,392.1,0.0,0.0
142.25,-38.25,2022,2,60.1,120.3,0.0,0.0
142.25,-37.75,2022,7,124.7,873.2,0.0,14.3
142.25,-36.75,2022,4,97.4,389.4,0.0,0.0
142.25,-34.75,2022,2,216.1,432.2,0.0,50.0
142.25,-17.25,2022,5,85.8,428.9,0.0,0.0
142.25,-16.75,2022,14,77.0,1077.4,0.0,0.0
142.25,-16.25,2022,11,71.7,788.7,0.0,0.0
142.25,-15.75,2022,1,277.9,277.9,0.0,100.0
142.25,-15.25,2022,2,159.4,318.8,0.0,0.0
142.25,-13.75,2022,1,88.0,88.0,0.0,0.0
142.25,-13.25,2022,1,96.3,96.3,0.0,0.0
142.25,-12.75,2022,4,73.2,292.9,0.0,0.0
142.25,-11.25,2022,8,86.6,692.9,0.0,0.0
142.75,-38.25,2022,5,114.2,571.2,0.0,0.0
142.75,-37.75,2022,17,124.3,2113.6,0.0,17.6
142.75,-37.25,2022,3,63.8,191.5,0.0,0.0
142.75,-36.75,2022,3,74.8,224.4,0.0,0.0
142.75,-19.25,2022,4,78.8,315.1,0.0,0.0
142.75,-17.25,2022,3,70.3,210.8,33.3,0.0
142.75,-16.75,2022,8,75.4,603.2,0.0,0.0
142.75,-16.25,2022,3,78.1,234.3,0.0,0.0
142.75,-15.75,2022,8,114.1,912.9,0.0,25.0
142.75,-13.25,2022,2,141.7,283.3,0.0,0.0
142.75,-11.75,2022,4,96.0,383.8,0.0,0.0
143.25,-38.25,2022,8,177.0,1416.0,0.0,37.5
143.25,-37.75,2022,10,98.3,982.9,0.0,10.0
143.25,-37.25,2022,2,86.8,173.6,0.0,0.0
143.25,-36.75,2022,1,171.6,171.6,0.0,0.0
143.25,-20.25,2022,2,82.8,165.5,0.0,0.0
143.25,-19.75,2022,9,80.3,722.4,0.0,0.0
143.25,-18.75,2022,1,71.3,71.3,0.0,0.0
143.25,-16.75,2022,6,83.7,502.1,0.0,0.0
143.25,-16.25,2022,8,104.5,835.9,0.0,0.0
143.25,-15.75,2022,6,69.0,413.8,0.0,0.0
143.25,-14.75,2022,4,117.8,471.3,0.0,0.0
143.25,-14.25,2022,1,129.8,129.8,0.0,0.0
143.25,-13.75,2022,1,70.8,70.8,0.0,0.0
143.25,-13.25,2022,4,76.2,304.8,0.0,0.0
143.75,-38.25,2022,11,135.1,1486.4,0.0,18.2
143.75,-37.75,2022,7,99.1,693.9,0.0,0.0
143.75,-37.25,2022,16,100.1,1601.2,0.0,6.2
143.75,-36.75,2022,4,70.9,283.6,0.0,0.0
143.75,-36.25,2022,2,66.2,132.5,0.0,0.0
143.75,-16.75,2022,3,52.0,155.9,0.0,0.0
143.75,-16.25,2022,2,261.5,523.0,0.0,50.0
143.75,-15.75,2022,3,234.8,704.3,0.0,66.7
143.75,-15.25,2022,7,131.1,917.9,0.0,28.6
143.75,-14.75,2022,5,77.5,387.5,0.0,0.0
143.75,-14.25,2022,1,55.0,55.0,0.0,0.0
144.25,-37.25,2022,1,186.3,186.3,0.0,0.0
144.25,-36.75,2022,3,150.1,450.4,0.0,33.3
144.25,-36.25,2022,1,233.2,233.2,0.0,100.0
144.25,-35.25,2022,3,67.1,201.3,0.0,0.0
144.25,-20.75,2022,4,66.4,265.5,0.0,0.0
144.25,-20.25,2022,2,119.7,239.5,0.0,0.0
144.25,-17.75,2022,1,51.6,51.6,0.0,0.0
144.25,-16.75,2022,6,93.9,563.5,0.0,0.0
144.25,-15.75,2022,3,96.2,288.6,0.0,0.0
144.25,-15.25,2022,1,57.3,57.3,0.0,0.0
144.25,-14.75,2022,13,99.8,1297.5,0.0,15.4
144.75,-41.25,2022,3,114.6,343.8,0.0,0.0
144.75,-36.25,2022,6,163.7,982.1,0.0,33.3
144.75,-35.75,2022,1,63.3,63.3,0.0,0.0
144.75,-35.25,2022,1,92.3,92.3,0.0,0.0
144.75,-20.75,2022,1,73.0,73.0,0.0,0.0
144.75,-18.25,2022,3,92.1,276.2,0.0,0.0
144.75,-17.25,2022,2,65.8,131.5,0.0,0.0
144.75,-15.75,2022,1,65.6,65.6,0.0,0.0
145.25,-42.25,2022,2,111.4,222.9,0.0,0.0
145.25,-36.75,2022,1,69.7,69.7,0.0,0.0
145.25,-36.25,2022,10,193.8,1938.4,0.0,30.0
145.25,-35.75,2022,6,102.7,616.2,0.0,0.0
145.25,-35.25,2022,1,68.6,68.6,0.0,0.0
145.25,-33.75,2022,1,155.3,155.3,0.0,0.0
145.25,-18.25,2022,1,107.0,107.0,0.0,0.0
145.25,-17.75,2022,2,75.5,151.1,0.0,0.0
145.25,-17.25,2022,1,51.5,51.5,0.0,0.0
145.25,-15.75,2022,1,119.1,119.1,0.0,0.0
145.75,-41.25,2022,1,100.2,100.2,0.0,0.0
145.75,-36.75,2022,1,97.3,97.3,0.0,0.0
145.75,-36.25,2022,11,116.6,1282.2,0.0,9.1
145.75,-35.75,2022,8,98.4,787.3,0.0,0.0
145.75,-35.25,2022,2,126.3,252.6,0.0,0.0
145.75,-34.75,2022,1,229.7,229.7,0.0,100.0
145.75,-34.25,2022,7,140.5,983.5,0.0,14.3
145.75,-33.75,2022,2,81.9,163.8,0.0,0.0
145.75,-33.25,2022,2,121.1,242.1,0.0,0.0
145.75,-25.25,2022,11,86.0,946.1,0.0,0.0
145.75,-24.25,2022,7,148.3,1038.0,0.0,28.6
145.75,-23.25,2022,9,65.0,584.9,0.0,0.0
145.75,-22.25,2022,1,183.3,183.3,0.0,0.0
145.75,-21.25,2022,2,89.0,177.9,0.0,0.0
145.75,-18.75,2022,1,56.9,56.9,0.0,0.0
146.25,-36.25,2022,12,140.9,1691.1,0.0,16.7
146.25,-35.75,2022,15,94.8,1422.5,0.0,6.7
146.25,-35.25,2022,2,65.5,131.1,0.0,0.0
146.25,-34.75,2022,1,67.0,67.0,0.0,0.0
146.25,-34.25,2022,3,91.5,274.5,0.0,0.0
146.25,-33.75,2022,1,78.0,78.0,0.0,0.0
146.25,-33.25,2022,14,131.9,1846.9,0.0,14.3
146.25,-32.75,2022,6,137.2,823.3,0.0,16.7
146.25,-31.25,2022,1,131.6,131.6,0.0,0.0
146.25,-30.75,2022,2,50.5,101.0,0.0,0.0
146.25,-23.75,2022,1,73.2,73.2,0.0,0.0
146.25,-22.75,2022,3,56.0,167.9,0.0,0.0
146.25,-22.25,2022,9,76.1,685.2,0.0,0.0
146.25,-21.75,2022,4,130.7,522.8,0.0,25.0
146.25,-19.75,2022,2,65.9,131.8,0.0,0.0
146.75,-43.25,2022,2,139.7,279.4,0.0,50.0
146.75,-42.75,2022,2,291.8,583.6,0.0,50.0
146.75,-42.25,2022,2,65.5,131.0,0.0,0.0
146.75,-36.25,2022,1,89.1,89.1,0.0,0.0
146.75,-35.75,2022,15,89.1,1336.3,0.0,0.0
146.75,-35.25,2022,9,101.8,916.6,0.0,0.0
146.75,-34.75,2022,1,73.7,73.7,0.0,0.0
146.75,-34.25,2022,3,83.9,251.8,0.0,0.0
146.75,-33.75,2022,12,128.3,1540.0,0.0,0.0
146.75,-33.25,2022,6,78.2,469.0,0.0,0.0
146.75,-32.75,2022,2,82.5,165.0,0.0,0.0
146.75,-32.25,2022,2,124.9,249.7,0.0,0.0
146.75,-31.75,2022,2,59.3,118.5,0.0,0.0
146.75,-30.75,2022,17,157.0,2668.8,0.0,17.6
146.75,-26.25,2022,1,63.0,63.0,0.0,0.0
147.25,-41.75,2022,5,98.0,489.8,0.0,0.0
147.25,-35.25,2022,11,128.0,1407.5,0.0,9.1
147.25,-34.75,2022,16,120.6,1930.3,0.0,12.5
147.25,-34.25,2022,13,100.3,1303.5,0.0,0.0
147.25,-33.75,2022,3,88.0,263.9,0.0,0.0
147.25,-33.25,2022,8,61.6,492.9,0.0,0.0
147.25,-32.75,2022,6,89.0,533.8,0.0,0.0
147.25,-32.25,2022,4,108.2,432.8,50.0,0.0
147.25,-31.25,2022,4,65.0,260.1,0.0,0.0
147.25,-26.75,2022,2,62.5,125.0,0.0,0.0
147.25,-22.75,2022,1,57.5,57.5,0.0,0.0
147.25,-21.75,2022,1,98.7,98.7,0.0,0.0
147.25,-20.25,2022,1,68.5,68.5,0.0,0.0
147.25,-19.75,2022,1,60.3,60.3,0.0,0.0
147.75,-43.25,2022,1,56.7,56.7,0.0,0.0
147.75,-41.75,2022,2,97.3,194.6,0.0,0.0
147.75,-41.25,2022,2,87.7,175.3,0.0,0.0
147.75,-35.75,2022,1,113.1,113.1,0.0,0.0
147.75,-35.25,2022,1,84.8,84.8,0.0,0.0
147.75,-34.75,2022,8,182.9,1463.5,0.0,12.5
147.75,-34.25,2022,15,83.7,1256.2,0.0,0.0
147.75,-33.75,2022,12,79.5,953.9,0.0,0.0
147.75,-33.25,2022,3,68.0,204.1,0.0,0.0
147.75,-32.25,2022,8,82.7,661.8,0.0,0.0
147.75,-31.25,2022,1,103.2,103.2,0.0,0.0
147.75,-30.25,2022,1,54.0,54.0,0.0,0.0
147.75,-26.25,2022,2,85.5,171.0,0.0,0.0
148.25,-34.75,2022,6,74.5,447.1,0.0,0.0
148.25,-34.25,2022,14,90.4,1266.2,0.0,0.0
148.25,-33.75,2022,2,57.8,115.6,0.0,0.0
148.25,-33.25,2022,2,68.9,137.8,0.0,0.0
148.25,-32.75,2022,1,92.3,92.3,0.0,0.0
148.25,-32.25,2022,2,58.9,117.8,0.0,0.0
148.25,-31.25,2022,2,64.5,129.0,0.0,0.0
148.25,-30.75,2022,4,249.3,997.2,0.0,100.0
148.25,-30.25,2022,1,57.0,57.0,0.0,0.0
148.25,-21.75,2022,1,92.5,92.5,0.0,0.0
148.75,-35.25,2022,2,76.1,152.2,0.0,0.0
148.75,-34.75,2022,1,63.9,63.9,0.0,0.0
148.75,-34.25,2022,2,194.9,389.7,0.0,50.0
148.75,-33.75,2022,8,162.4,1299.3,0.0,37.5
148.75,-32.75,2022,2,52.5,105.0,0.0,0.0
148.75,-31.75,2022,2,75.4,150.9,0.0,0.0
148.75,-31.25,2022,1,63.1,63.1,0.0,0.0
148.75,-30.75,2022,5,77.6,387.9,0.0,0.0
148.75,-27.75,2022,2,96.8,193.5,0.0,0.0
148.75,-20.25,2022,3,70.5,211.6,0.0,0.0
149.25,-30.25,2022,5,179.1,895.5,0.0,40.0
149.25,-27.75,2022,1,65.2,65.2,0.0,0.0
149.25,-26.25,2022,4,118.3,473.3,0.0,25.0
149.25,-23.75,2022,1,180.4,180.4,0.0,0.0
149.75,-33.75,2022,8,99.4,795.0,0.0,12.5
149.75,-32.25,2022,1,163.6,163.6,0.0,0.0
149.75,-31.75,2022,2,100.0,200.1,0.0,0.0
149.75,-29.75,2022,6,68.7,412.3,0.0,0.0
149.75,-29.25,2022,10,94.2,942.4,0.0,0.0
149.75,-28.75,2022,1,158.7,158.7,0.0,0.0
149.75,-25.75,2022,2,76.3,152.7,0.0,0.0
149.75,-25.25,2022,1,96.4,96.4,0.0,0.0
150.25,-29.25,2022,4,87.8,351.0,0.0,0.0
150.25,-28.25,2022,6,222.9,1337.1,0.0,66.7
150.25,-27.75,2022,3,94.3,283.0,0.0,0.0
150.25,-25.75,2022,2,91.7,183.4,0.0,0.0
150.25,-25.25,2022,2,151.5,302.9,0.0,0.0
150.25,-23.25,2022,1,56.5,56.5,0.0,0.0
150.75,-30.25,2022,1,50.5,50.5,0.0,0.0
150.75,-28.75,2022,1,64.2,64.2,0.0,0.0
150.75,-27.75,2022,1,135.1,135.1,0.0,0.0
150.75,-27.25,2022,1,75.2,75.2,0.0,0.0
150.75,-26.25,2022,4,142.9,571.7,0.0,50.0
150.75,-25.75,2022,5,108.6,542.8,0.0,0.0
150.75,-25.25,2022,4,118.1,472.2,0.0,0.0
150.75,-22.75,2022,2,154.2,308.4,0.0,50.0
150.75,-22.25,2022,8,55.8,446.2,0.0,0.0
151.25,-31.25,2022,5,103.8,519.1,0.0,0.0
151.25,-29.75,2022,1,69.2,69.2,0.0,0.0
151.25,-28.25,2022,15,172.9,2594.2,0.0,26.7
151.25,-25.75,2022,2,66.1,132.1,0.0,0.0
151.25,-25.25,2022,1,127.5,127.5,0.0,0.0
151.75,-26.25,2022,1,53.3,53.3,0.0,0.0
152.25,-31.75,2022,1,106.5,106.5,0.0,0.0
152.25,-27.25,2022,1,132.2,132.2,0.0,0.0
152.25,-26.75,2022,1,58.9,58.9,0.0,0.0
152.25,-25.25,2022,1,66.9,66.9,0.0,0.0
152.75,-30.75,2022,1,75.1,75.1,0.0,0.0
152.75,-28.25,2022,1,65.7,65.7,0.0,0.0
152.75,-25.25,2022,1,72.2,72.2,0.0,0.0
114.25,-27.75,2023,14,162.4,2273.6,0.0,42.9
114.25,-27.25,2023,5,79.4,396.9,0.0,0.0
114.25,-26.75,2023,21,126.5,2657.0,0.0,14.3
114.25,-24.25,2023,3,56.4,169.1,0.0,0.0
114.25,-23.75,2023,11,100.0,1100.2,0.0,9.1
114.25,-23.25,2023,1,163.9,163.9,0.0,0.0
114.25,-22.75,2023,3,96.5,289.5,0.0,0.0
114.75,-28.75,2023,1,74.8,74.8,0.0,0.0
114.75,-27.25,2023,1,103.1,103.1,0.0,0.0
115.25,-34.25,2023,3,77.6,232.8,0.0,0.0
115.25,-30.75,2023,5,172.6,862.8,0.0,20.0
115.25,-30.25,2023,11,88.5,973.8,0.0,0.0
115.25,-29.25,2023,2,66.2,132.5,0.0,0.0
115.25,-28.75,2023,4,79.2,317.0,0.0,0.0
115.25,-24.25,2023,1,64.8,64.8,0.0,0.0
115.25,-21.75,2023,24,88.5,2123.6,0.0,4.2
115.75,-34.25,2023,1,84.4,84.4,0.0,0.0
115.75,-33.75,2023,4,89.9,359.5,0.0,0.0
115.75,-32.25,2023,1,83.7,83.7,0.0,0.0
115.75,-31.75,2023,2,105.7,211.3,0.0,0.0
115.75,-31.25,2023,10,130.4,1303.9,0.0,30.0
115.75,-30.75,2023,11,107.4,1180.9,0.0,9.1
115.75,-30.25,2023,19,84.6,1608.1,0.0,0.0
115.75,-29.75,2023,2,50.7,101.4,0.0,0.0
115.75,-29.25,2023,3,52.4,157.3,0.0,0.0
116.25,-34.75,2023,7,79.5,556.4,0.0,0.0
116.25,-34.25,2023,3,103.5,310.4,0.0,0.0
116.25,-33.75,2023,19,129.6,2463.2,0.0,26.3
116.25,-33.25,2023,4,61.7,246.6,0.0,0.0
116.25,-32.75,2023,4,92.5,369.9,0.0,0.0
116.25,-32.25,2023,15,123.0,1844.8,0.0,20.0
116.25,-31.75,2023,2,70.1,140.1,0.0,0.0
116.25,-31.25,2023,3,94.0,281.9,0.0,0.0
116.25,-30.75,2023,22,145.4,3198.6,0.0,22.7
116.25,-29.75,2023,1,102.1,102.1,0.0,0.0
116.25,-28.25,2023,1,55.4,55.4,0.0,0.0
116.25,-22.25,2023,25,102.7,2566.6,0.0,4.0
116.25,-21.75,2023,45,101.5,4568.1,0.0,2.2
116.25,-21.25,2023,7,146.9,1028.0,0.0,14.3
116.25,-20.75,2023,13,95.9,1246.2,0.0,7.7
116.75,-34.75,2023,1,59.1,59.1,0.0,0.0
116.75,-34.25,2023,4,91.8,367.3,0.0,0.0
116.75,-32.75,2023,1,62.3,62.3,0.0,0.0
116.75,-32.25,2023,1,55.7,55.7,0.0,0.0
116.75,-31.75,2023,3,103.9,311.8,0.0,0.0
116.75,-31.25,2023,3,76.6,229.7,0.0,0.0
116.75,-30.75,2023,7,103.4,723.8,0.0,14.3
116.75,-29.75,2023,1,105.0,105.0,0.0,0.0
116.75,-22.75,2023,10,88.9,889.0,0.0,0.0
116.75,-21.75,2023,5,69.5,347.5,0.0,0.0
116.75,-21.25,2023,15,99.2,1487.3,0.0,6.7
116.75,-20.75,2023,5,98.3,491.4,0.0,20.0
117.25,-34.75,2023,13,98.9,1285.6,0.0,7.7
117.25,-34.25,2023,6,69.5,417.3,0.0,0.0
117.25,-32.75,2023,1,79.4,79.4,0.0,0.0
117.25,-32.25,2023,5,82.2,411.0,0.0,0.0
117.25,-31.75,2023,7,84.2,589.6,0.0,0.0
117.25,-31.25,2023,2,128.1,256.2,0.0,0.0
117.25,-29.75,2023,1,99.2,99.2,0.0,0.0
117.25,-22.75,2023,1,74.3,74.3,0.0,0.0
117.25,-22.25,2023,1,61.2,61.2,0.0,0.0
117.25,-21.75,2023,4,123.7,494.9,0.0,0.0
117.25,-21.25,2023,1,63.2,63.2,0.0,0.0
117.75,-35.25,2023,3,196.1,588.2,0.0,33.3
117.75,-34.75,2023,3,84.4,253.1,0.0,0.0
117.75,-34.25,2023,2,94.6,189.1,0.0,0.0
117.75,-33.25,2023,3,88.8,266.5,0.0,0.0
117.75,-32.25,2023,10,118.7,1187.0,0.0,0.0
117.75,-31.75,2023,1,154.9,154.9,0.0,0.0
117.75,-31.25,2023,1,88.7,88.7,0.0,0.0
117.75,-30.75,2023,5,76.1,380.4,0.0,0.0
117.75,-22.25,2023,4,66.0,264.1,0.0,0.0
117.75,-21.25,2023,24,191.1,4587.4,0.0,37.5
117.75,-20.75,2023,1,66.4,66.4,0.0,0.0
118.25,-34.75,2023,7,124.2,869.4,0.0,28.6
118.25,-33.25,2023,2,114.1,228.1,0.0,0.0
118.25,-32.25,2023,1,87.0,87.0,0.0,0.0
118.25,-29.75,2023,33,166.4,5491.8,0.0,36.4
118.25,-22.75,2023,2,106.6,213.2,0.0,0.0
118.25,-21.75,2023,11,88.5,973.9,0.0,0.0
118.25,-21.25,2023,3,114.4,343.2,0.0,0.0
118.25,-20.75,2023,10,137.5,1375.4,0.0,10.0
118.75,-32.75,2023,1,56.5,56.5,0.0,0.0
118.75,-32.25,2023,1,69.9,69.9,0.0,0.0
118.75,-31.25,2023,1,59.2,59.2,0.0,0.0
118.75,-22.25,2023,1,58.2,58.2,0.0,0.0
118.75,-21.75,2023,4,72.8,291.0,0.0,0.0
118.75,-21.25,2023,4,82.2,328.8,0.0,0.0
118.75,-20.75,2023,3,69.4,208.1,0.0,0.0
118.75,-20.25,2023,2,70.5,140.9,0.0,0.0
119.25,-32.75,2023,1,97.0,97.0,0.0,0.0
119.25,-30.75,2023,2,166.4,332.8,0.0,0.0
119.25,-30.25,2023,2,108.2,216.3,0.0,0.0
119.25,-21.75,2023,1,148.0,148.0,0.0,0.0
119.25,-21.25,2023,7,159.2,1114.4,0.0,28.6
119.25,-20.75,2023,3,78.7,236.2,0.0,0.0
119.75,-33.75,2023,27,116.0,3130.8,0.0,0.0
119.75,-21.75,2023,5,107.7,538.7,0.0,20.0
119.75,-21.25,2023,19,93.9,1783.4,0.0,5.3
119.75,-20.75,2023,1,88.2,88.2,0.0,0.0
119.75,-20.25,2023,4,90.9,363.6,0.0,0.0
120.25,-33.75,2023,61,128.3,7828.9,0.0,13.1
120.25,-33.25,2023,3,237.6,712.9,0.0,33.3
120.25,-32.25,2023,5,57.9,289.5,0.0,0.0
120.25,-31.25,2023,23,97.7,2246.1,0.0,4.3
120.25,-30.75,2023,3,87.6,262.7,0.0,0.0
120.25,-22.25,2023,6,84.3,505.5,0.0,0.0
120.25,-21.25,2023,6,95.5,573.0,0.0,0.0
120.25,-20.75,2023,4,96.2,384.8,50.0,0.0
120.75,-33.75,2023,3,84.5,253.5,0.0,0.0
120.75,-33.25,2023,1,154.3,154.3,0.0,0.0
120.75,-22.25,2023,3,154.9,464.7,0.0,33.3
121.25,-33.75,2023,6,119.0,713.9,0.0,16.7
121.25,-32.25,2023,1,69.1,69.1,0.0,0.0
121.25,-31.75,2023,6,108.5,651.2,0.0,0.0
121.25,-22.75,2023,4,121.6,486.3,0.0,0.0
121.25,-21.75,2023,3,91.9,275.6,0.0,0.0
121.25,-21.25,2023,1,75.7,75.7,0.0,0.0
121.25,-19.75,2023,1,87.8,87.8,0.0,0.0
121.75,-22.75,2023,5,112.1,560.3,0.0,0.0
121.75,-20.75,2023,3,73.4,220.3,0.0,0.0
121.75,-20.25,2023,17,150.7,2561.7,0.0,29.4
121.75,-19.25,2023,11,89.7,986.9,0.0,0.0
121.75,-18.75,2023,35,94.6,3310.3,0.0,0.0
122.25,-33.75,2023,1,57.0,57.0,0.0,0.0
122.25,-24.25,2023,2,82.0,164.0,0.0,0.0
122.25,-22.75,2023,8,115.1,920.7,0.0,0.0
122.25,-21.25,2023,4,154.9,619.6,50.0,50.0
122.25,-20.75,2023,36,130.5,4696.6,13.9,13.9
122.25,-20.25,2023,51,172.8,8813.8,0.0,31.4
122.25,-19.75,2023,4,88.8,355.4,0.0,0.0
122.25,-19.25,2023,31,125.5,3890.2,41.9,16.1
122.25,-18.75,2023,43,126.7,5446.2,7.0,14.0
122.25,-18.25,2023,10,77.6,775.7,0.0,0.0
122.25,-17.75,2023,2,51.6,103.2,0.0,0.0
122.25,-17.25,2023,2,80.3,160.7,0.0,0.0
122.75,-29.75,2023,2,106.5,213.0,0.0,0.0
122.75,-22.25,2023,8,103.8,830.4,0.0,25.0
122.75,-21.75,2023,3,174.9,524.8,0.0,66.7
122.75,-21.25,2023,2,69.7,139.4,50.0,0.0
122.75,-20.75,2023,25,87.8,2196.0,12.0,0.0
122.75,-20.25,2023,26,110.0,2860.7,0.0,11.5
122.75,-19.75,2023,13,138.4,1799.8,0.0,23.1
122.75,-19.25,2023,38,139.8,5312.9,18.4,18.4
122.75,-18.75,2023,34,86.4,2937.6,0.0,0.0
122.75,-18.25,2023,4,90.4,361.8,0.0,0.0
122.75,-17.75,2023,1,51.0,51.0,0.0,0.0
122.75,-17.25,2023,72,92.1,6631.6,0.0,2.8
122.75,-16.75,2023,19,112.6,2139.5,0.0,5.3
123.25,-20.75,2023,18,124.4,2239.7,5.6,11.1
123.25,-20.25,2023,69,109.3,7544.3,1.4,7.2
123.25,-19.75,2023,25,161.9,4046.6,0.0,28.0
123.25,-19.25,2023,79,108.6,8582.0,13.9,3.8
123.25,-18.75,2023,28,128.4,3596.3,7.1,10.7
123.25,-18.25,2023,8,100.2,801.8,0.0,0.0
123.25,-17.75,2023,30,105.0,3151.3,0.0,3.3
123.25,-17.25,2023,8,96.5,772.3,0.0,0.0
123.25,-16.75,2023,3,65.5,196.6,0.0,0.0
123.75,-33.75,2023,2,52.7,105.4,0.0,0.0
123.75,-22.25,2023,14,127.5,1784.7,0.0,14.3
123.75,-21.25,2023,8,142.5,1140.3,0.0,12.5
123.75,-20.75,2023,33,118.8,3919.1,3.0,12.1
123.75,-20.25,2023,157,123.7,19420.0,1.9,13.4
123.75,-19.75,2023,16,100.3,1605.2,87.5,0.0
123.75,-19.25,2023,44,152.2,6698.6,0.0,25.0
123.75,-18.75,2023,50,131.1,6553.8,6.0,16.0
123.75,-18.25,2023,29,118.9,3447.8,17.2,13.8
123.75,-17.75,2023,55,112.3,6176.4,0.0,7.3
123.75,-17.25,2023,20,125.8,2515.6,10.0,25.0
123.75,-16.75,2023,10,103.2,1032.3,0.0,10.0
123.75,-16.25,2023,1,59.7,59.7,0.0,0.0
124.25,-24.75,2023,7,59.4,415.8,0.0,0.0
124.25,-22.25,2023,9,102.4,921.5,0.0,0.0
124.25,-21.25,2023,11,114.2,1256.1,27.3,18.2
124.25,-20.75,2023,89,125.4,11161.7,1.1,13.5
124.25,-20.25,2023,66,124.0,8183.0,3.0,16.7
124.25,-19.75,2023,3,119.3,357.9,0.0,0.0
124.25,-19.25,2023,63,119.5,7526.6,25.4,7.9
124.25,-18.75,2023,41,93.3,3825.2,0.0,4.9
124.25,-18.25,2023,4,118.2,472.8,0.0,0.0
124.25,-17.75,2023,16,76.2,1219.9,6.2,0.0
124.25,-17.25,2023,22,99.4,2185.8,0.0,4.5
124.25,-16.75,2023,20,103.4,2067.9,35.0,0.0
124.25,-16.25,2023,1,67.0,67.0,0.0,0.0
124.75,-32.75,2023,2,112.2,224.4,0.0,0.0
124.75,-22.25,2023,4,82.8,331.4,0.0,0.0
124.75,-21.75,2023,2,202.3,404.5,0.0,50.0
124.75,-20.75,2023,62,128.6,7975.6,11.3,12.9
124.75,-20.25,2023,11,130.5,1435.5,0.0,18.2
124.75,-19.75,2023,32,108.4,3469.3,15.6,9.4
124.75,-19.25,2023,68,135.3,9197.3,11.8,20.6
124.75,-18.75,2023,22,115.5,2541.8,13.6,9.1
124.75,-18.25,2023,6,87.1,522.7,0.0,0.0
124.75,-17.75,2023,1,51.5,51.5,0.0,0.0
124.75,-17.25,2023,35,144.9,5070.2,0.0,28.6
124.75,-16.75,2023,26,108.8,2828.5,7.7,11.5
124.75,-15.25,2023,5,147.7,738.6,0.0,40.0
125.25,-24.25,2023,4,110.7,442.7,0.0,0.0
125.25,-21.75,2023,26,85.2,2213.9,0.0,0.0
125.25,-21.25,2023,1,145.7,145.7,0.0,0.0
125.25,-20.75,2023,64,118.7,7595.1,0.0,12.5
125.25,-20.25,2023,22,137.6,3026.6,4.5,27.3
125.25,-19.75,2023,59,105.5,6221.8,3.4,6.8
125.25,-19.25,2023,8,66.3,530.0,37.5,0.0
125.25,-18.75,2023,26,126.6,3292.7,7.7,23.1
125.25,-18.25,2023,9,81.6,734.2,0.0,0.0
125.25,-17.75,2023,32,97.5,3121.4,3.1,12.5
125.25,-17.25,2023,2,61.5,123.0,0.0,0.0
125.25,-16.75,2023,2,52.2,104.5,0.0,0.0
125.25,-16.25,2023,1,60.2,60.2,0.0,0.0
125.25,-15.25,2023,13,116.4,1512.7,0.0,0.0
125.25,-14.75,2023,2,74.8,149.7,0.0,0.0
125.25,-14.25,2023,4,65.0,259.9,0.0,0.0
125.75,-20.75,2023,40,165.5,6618.8,35.0,32.5
125.75,-20.25,2023,24,133.2,3197.5,20.8,16.7
125.75,-19.75,2023,82,129.0,10581.1,37.8,11.0
125.75,-19.25,2023,34,156.3,5312.8,0.0,23.5
125.75,-18.75,2023,62,106.0,6574.7,0.0,11.3
125.75,-18.25,2023,6,86.8,520.6,0.0,0.0
125.75,-17.75,2023,16,86.2,1379.1,6.2,0.0
125.75,-17.25,2023,3,108.4,325.2,0.0,0.0
125.75,-16.75,2023,9,92.3,830.3,0.0,0.0
125.75,-16.25,2023,1,69.9,69.9,0.0,0.0
125.75,-15.75,2023,1,66.4,66.4,0.0,0.0
125.75,-15.25,2023,5,101.5,507.3,0.0,0.0
125.75,-14.75,2023,1,70.8,70.8,0.0,0.0
126.25,-24.25,2023,12,59.3,711.8,0.0,0.0
126.25,-20.75,2023,21,129.8,2726.0,0.0,14.3
126.25,-20.25,2023,58,131.4,7621.0,3.4,15.5
126.25,-19.75,2023,60,121.9,7316.6,1.7,13.3
126.25,-18.75,2023,51,111.1,5667.4,3.9,13.7
126.25,-18.25,2023,4,54.8,219.0,25.0,0.0
126.25,-17.75,2023,29,93.3,2705.8,17.2,6.9
126.25,-17.25,2023,3,79.0,236.9,0.0,0.0
126.25,-16.75,2023,1,52.4,52.4,0.0,0.0
126.25,-15.75,2023,1,58.1,58.1,0.0,0.0
126.25,-15.25,2023,3,91.6,274.7,0.0,0.0
126.25,-14.75,2023,1,99.0,99.0,0.0,0.0
126.75,-22.75,2023,29,89.8,2603.3,0.0,0.0
126.75,-20.75,2023,11,85.3,938.1,9.1,0.0
126.75,-20.25,2023,81,108.9,8823.9,2.5,7.4
126.75,-19.75,2023,35,94.8,3317.4,0.0,5.7
126.75,-19.25,2023,9,132.9,1196.2,0.0,22.2
126.75,-18.75,2023,15,189.5,2842.8,0.0,40.0
126.75,-17.25,2023,3,89.0,266.9,0.0,0.0
126.75,-16.75,2023,4,106.7,426.7,0.0,0.0
126.75,-16.25,2023,3,70.3,210.8,0.0,0.0
126.75,-15.75,2023,6,75.7,454.2,0.0,0.0
126.75,-14.75,2023,5,108.5,542.5,0.0,0.0
126.75,-14.25,2023,16,76.0,1215.9,0.0,0.0
126.75,-13.75,2023,7,111.7,782.0,0.0,0.0
127.25,-24.75,2023,1,99.0,99.0,0.0,0.0
127.25,-24.25,2023,1,82.6,82.6,0.0,0.0
127.25,-22.75,2023,26,105.1,2731.7,0.0,7.7
127.25,-22.25,2023,7,107.6,753.4,0.0,0.0
127.25,-20.75,2023,2,91.8,183.5,0.0,0.0
127.25,-20.25,2023,8,106.6,852.9,0.0,0.0
127.25,-19.75,2023,55,109.3,6008.9,0.0,5.5
127.25,-18.75,2023,2,75.3,150.6,0.0,0.0
127.25,-17.75,2023,4,98.7,394.6,0.0,0.0
127.25,-17.25,2023,9,78.0,702.4,22.2,0.0
127.25,-16.75,2023,3,61.0,183.1,0.0,0.0
127.25,-16.25,2023,3,68.2,204.6,0.0,0.0
127.25,-15.75,2023,2,76.4,152.7,0.0,0.0
127.75,-25.25,2023,1,74.0,74.0,0.0,0.0
127.75,-24.75,2023,1,56.4,56.4,0.0,0.0
127.75,-22.75,2023,10,136.9,1369.1,0.0,20.0
127.75,-20.25,2023,32,94.3,3018.4,0.0,0.0
127.75,-19.75,2023,11,131.0,1441.5,0.0,18.2
127.75,-18.25,2023,13,94.3,1226.0,0.0,0.0
127.75,-17.75,2023,1,136.7,136.7,0.0,0.0
127.75,-17.25,2023,43,114.4,4920.0,0.0,9.3
127.75,-16.75,2023,5,68.5,342.6,0.0,0.0
127.75,-16.25,2023,2,102.9,205.9,0.0,0.0
127.75,-15.75,2023,11,88.9,977.5,0.0,0.0
127.75,-14.75,2023,1,84.3,84.3,0.0,0.0
128.25,-21.25,2023,2,71.8,143.7,0.0,0.0
128.25,-20.75,2023,1,51.5,51.5,0.0,0.0
128.25,-20.25,2023,11,105.5,1160.4,0.0,0.0
128.25,-19.75,2023,13,104.6,1359.2,0.0,0.0
128.25,-19.25,2023,21,97.8,2054.0,0.0,0.0
128.25,-18.75,2023,9,74.5,670.9,0.0,0.0
128.25,-18.25,2023,4,100.2,401.0,0.0,0.0
128.25,-17.75,2023,2,131.8,263.7,0.0,0.0
128.25,-17.25,2023,5,84.1,420.4,0.0,0.0
128.25,-16.75,2023,9,76.6,689.1,0.0,0.0
128.25,-16.25,2023,10,87.4,874.0,0.0,10.0
128.25,-15.75,2023,16,87.4,1399.2,0.0,0.0
128.75,-25.25,2023,11,98.6,1084.8,0.0,9.1
128.75,-23.75,2023,2,111.7,223.3,0.0,0.0
128.75,-23.25,2023,3,114.3,342.8,0.0,0.0
128.75,-21.25,2023,2,119.9,239.9,0.0,0.0
128.75,-20.75,2023,15,90.5,1357.0,0.0,0.0
128.75,-20.25,2023,99,111.8,11072.0,0.0,10.1
128.75,-19.75,2023,59,139.6,8236.2,0.0,27.1
128.75,-19.25,2023,51,112.6,5743.8,2.0,9.8
128.75,-18.75,2023,21,103.5,2173.9,0.0,0.0
128.75,-17.75,2023,8,108.6,868.8,12.5,12.5
128.75,-17.25,2023,10,101.2,1011.7,0.0,0.0
128.75,-16.75,2023,12,103.6,1243.3,0.0,0.0
128.75,-16.25,2023,11,121.8,1339.9,9.1,18.2
128.75,-15.75,2023,1,86.1,86.1,0.0,0.0
129.25,-26.25,2023,3,138.2,414.5,0.0,33.3
129.25,-23.25,2023,2,83.3,166.5,0.0,0.0
129.25,-20.75,2023,14,99.7,1395.7,7.1,7.1
129.25,-20.25,2023,80,107.6,8611.9,1.2,3.8
129.25,-19.75,2023,22,101.3,2228.7,0.0,4.5
129.25,-19.25,2023,23,97.8,2248.6,13.0,4.3
129.25,-18.75,2023,23,112.1,2578.8,21.7,8.7
129.25,-17.75,2023,5,100.3,501.6,0.0,0.0
129.25,-15.75,2023,2,200.9,401.9,0.0,50.0
129.25,-14.25,2023,1,54.5,54.5,0.0,0.0
129.75,-25.25,2023,3,72.5,217.6,0.0,0.0
129.75,-22.25,2023,1,92.7,92.7,0.0,0.0
129.75,-21.25,2023,1,63.0,63.0,0.0,0.0
129.75,-20.75,2023,31,105.0,3253.5,0.0,9.7
129.75,-20.25,2023,8,117.8,942.2,50.0,0.0
129.75,-19.75,2023,4,76.3,305.3,0.0,0.0
129.75,-18.75,2023,2,58.8,117.7,0.0,0.0
129.75,-18.25,2023,7,112.9,790.2,0.0,0.0
129.75,-17.25,2023,1,68.6,68.6,0.0,0.0
129.75,-16.25,2023,6,281.3,1687.6,0.0,50.0
129.75,-15.75,2023,28,113.5,3177.1,0.0,17.9
129.75,-14.25,2023,19,105.5,2004.7,0.0,5.3
129.75,-13.75,2023,14,78.5,1098.9,0.0,0.0
130.25,-22.75,2023,11,142.6,1568.9,0.0,18.2
130.25,-22.25,2023,1,79.6,79.6,0.0,0.0
130.25,-21.75,2023,2,146.3,292.6,0.0,50.0
130.25,-20.25,2023,63,109.1,6873.9,69.8,11.1
130.25,-19.75,2023,24,140.2,3365.4,4.2,25.0
130.25,-19.25,2023,80,163.7,13098.5,0.0,30.0
130.25,-18.75,2023,9,95.7,861.3,0.0,0.0
130.25,-18.25,2023,62,109.1,6763.4,0.0,11.3
130.25,-17.75,2023,34,113.0,3843.4,0.0,2.9
130.25,-17.25,2023,36,150.8,5428.1,41.7,22.2
130.25,-16.75,2023,42,129.2,5424.9,4.8,16.7
130.25,-16.25,2023,20,87.5,1750.0,0.0,0.0
130.25,-15.75,2023,34,148.3,5042.9,14.7,26.5
130.25,-15.25,2023,1,75.1,75.1,0.0,0.0
130.25,-14.75,2023,12,78.6,943.8,0.0,0.0
130.25,-14.25,2023,11,89.5,984.5,0.0,0.0
130.25,-13.75,2023,34,110.9,3771.0,0.0,14.7
130.25,-13.25,2023,6,143.1,858.4,0.0,33.3
130.25,-11.75,2023,11,108.0,1188.4,0.0,9.1
130.25,-11.25,2023,8,80.3,642.7,0.0,0.0
130.75,-26.75,2023,1,96.4,96.4,0.0,0.0
130.75,-22.75,2023,1,81.1,81.1,0.0,0.0
130.75,-22.25,2023,2,107.6,215.2,0.0,0.0
130.75,-21.75,2023,37,161.2,5962.6,0.0,32.4
130.75,-20.75,2023,8,85.4,683.1,0.0,0.0
130.75,-20.25,2023,79,106.5,8416.6,6.3,5.1
130.75,-19.75,2023,9,110.9,998.4,0.0,0.0
130.75,-19.25,2023,24,121.5,2915.0,0.0,16.7
130.75,-18.75,2023,13,76.8,998.5,0.0,0.0
130.75,-18.25,2023,42,88.7,3724.6,2.4,2.4
130.75,-17.75,2023,10,92.2,921.6,0.0,0.0
130.75,-17.25,2023,16,117.2,1875.8,6.2,6.2
130.75,-16.75,2023,13,96.3,1251.9,0.0,7.7
130.75,-16.25,2023,37,130.3,4820.0,0.0,8.1
130.75,-15.75,2023,2,58.9,117.8,0.0,0.0
130.75,-15.25,2023,4,59.4,237.6,0.0,0.0
130.75,-14.75,2023,3,108.1,324.4,0.0,0.0
130.75,-14.25,2023,10,111.2,1111.5,0.0,10.0
130.75,-13.75,2023,3,63.6,190.7,0.0,0.0
130.75,-13.25,2023,24,75.7,1815.8,0.0,0.0
130.75,-12.75,2023,14,83.7,1172.5,0.0,0.0
130.75,-12.25,2023,1,67.4,67.4,0.0,0.0
130.75,-11.75,2023,18,96.5,1736.8,0.0,0.0
130.75,-11.25,2023,8,98.1,785.2,0.0,0.0
131.25,-25.25,2023,1,64.7,64.7,0.0,0.0
131.25,-23.75,2023,5,108.3,541.6,0.0,0.0
131.25,-23.25,2023,2,78.9,157.8,0.0,0.0
131.25,-22.25,2023,25,77.2,1929.5,0.0,0.0
131.25,-21.75,2023,23,119.9,2758.2,0.0,0.0
131.25,-21.25,2023,3,77.6,232.9,0.0,0.0
131.25,-20.75,2023,78,121.5,9475.8,15.4,12.8
131.25,-20.25,2023,52,100.5,5225.7,0.0,3.8
131.25,-19.25,2023,2,84.1,168.1,0.0,0.0
131.25,-18.75,2023,21,91.8,1928.5,0.0,0.0
131.25,-18.25,2023,16,112.2,1795.3,0.0,0.0
131.25,-17.75,2023,23,105.1,2416.4,0.0,0.0
131.25,-15.75,2023,2,122.7,245.3,0.0,0.0
131.25,-15.25,2023,21,84.6,1777.5,0.0,0.0
131.25,-14.75,2023,1,52.1,52.1,0.0,0.0
131.25,-14.25,2023,11,116.2,1278.7,0.0,9.1
131.25,-13.75,2023,11,107.7,1184.8,18.2,9.1
131.25,-13.25,2023,6,70.6,423.7,0.0,0.0
131.25,-12.75,2023,8,96.8,774.6,0.0,0.0
131.25,-12.25,2023,6,84.2,505.2,0.0,0.0
131.25,-11.75,2023,27,111.5,3009.2,0.0,11.1
131.25,-11.25,2023,25,161.1,4026.5,0.0,20.0
131.75,-31.25,2023,1,50.2,50.2,0.0,0.0
131.75,-26.25,2023,1,80.7,80.7,0.0,0.0
131.75,-23.25,2023,45,147.2,6624.4,0.0,22.2
131.75,-22.75,2023,13,131.3,1706.4,0.0,15.4
131.75,-22.25,2023,35,103.7,3628.0,0.0,5.7
131.75,-21.75,2023,26,107.0,2781.4,3.8,3.8
131.75,-21.25,2023,34,108.3,3681.9,11.8,11.8
131.75,-20.75,2023,115,109.7,12610.5,0.0,7.8
131.75,-20.25,2023,33,116.9,3856.9,6.1,9.1
131.75,-19.75,2023,24,116.7,2800.5,0.0,4.2
131.75,-19.25,2023,22,105.9,2329.9,4.5,9.1
131.75,-18.75,2023,67,108.5,7272.6,0.0,6.0
131.75,-18.25,2023,3,70.1,210.3,0.0,0.0
131.75,-17.25,2023,11,102.2,1124.5,0.0,9.1
131.75,-16.25,2023,3,54.0,162.0,0.0,0.0
131.75,-15.75,2023,17,73.9,1256.3,0.0,0.0
131.75,-14.75,2023,1,60.3,60.3,0.0,0.0
131.75,-14.25,2023,30,103.2,3096.8,53.3,0.0
131.75,-13.75,2023,6,70.2,420.9,0.0,0.0
131.75,-13.25,2023,14,121.8,1704.6,14.3,14.3
131.75,-12.75,2023,6,139.3,836.0,0.0,16.7
131.75,-12.25,2023,1,73.6,73.6,0.0,0.0
132.25,-26.25,2023,8,75.9,607.5,0.0,0.0
132.25,-25.75,2023,5,117.9,589.5,0.0,0.0
132.25,-23.75,2023,2,85.9,171.7,50.0,0.0
132.25,-23.25,2023,6,91.3,547.8,33.3,16.7
132.25,-22.75,2023,3,61.2,183.6,0.0,0.0
132.25,-22.25,2023,5,90.5,452.2,0.0,0.0
132.25,-21.75,2023,45,112.4,5058.4,4.4,8.9
132.25,-21.25,2023,60,108.7,6523.0,3.3,10.0
132.25,-20.75,2023,234,135.2,31632.6,1.3,16.7
132.25,-20.25,2023,69,111.8,7712.4,0.0,7.2
132.25,-19.75,2023,22,145.5,3202.0,0.0,18.2
132.25,-19.25,2023,133,123.8,16468.7,3.0,12.0
132.25,-18.75,2023,48,120.2,5772.0,0.0,12.5
132.25,-18.25,2023,2,63.1,126.2,0.0,0.0
132.25,-17.75,2023,2,98.1,196.3,0.0,0.0
132.25,-14.25,2023,2,54.3,108.6,0.0,0.0
132.25,-13.75,2023,6,81.6,489.7,0.0,0.0
132.25,-13.25,2023,5,102.5,512.4,0.0,0.0
132.25,-12.75,2023,1,74.5,74.5,0.0,0.0
132.25,-12.25,2023,7,114.5,801.4,0.0,14.3
132.25,-11.25,2023,10,75.2,751.6,0.0,0.0
132.75,-25.75,2023,12,114.5,1373.8,0.0,0.0
132.75,-25.25,2023,3,156.9,470.6,0.0,33.3
132.75,-23.75,2023,34,84.7,2879.8,0.0,0.0
132.75,-23.25,2023,122,128.2,15642.5,0.0,14.8
132.75,-22.75,2023,36,89.9,3236.0,0.0,5.6
132.75,-22.25,2023,2,64.8,129.6,0.0,0.0
132.75,-21.75,2023,13,75.3,978.9,0.0,0.0
132.75,-21.25,2023,33,94.2,3108.0,0.0,0.0
132.75,-20.75,2023,67,98.3,6589.2,0.0,3.0
132.75,-20.25,2023,30,179.8,5393.6,0.0,36.7
132.75,-19.75,2023,58,120.7,7001.3,1.7,13.8
132.75,-19.25,2023,140,119.4,16711.6,2.9,10.0
132.75,-18.75,2023,25,102.4,2561.0,0.0,4.0
132.75,-17.75,2023,2,84.8,169.7,0.0,0.0
132.75,-15.25,2023,12,144.1,1729.3,0.0,16.7
132.75,-14.75,2023,9,77.1,693.6,0.0,0.0
132.75,-14.25,2023,6,83.6,501.7,50.0,0.0
132.75,-13.75,2023,6,87.8,526.9,0.0,0.0
132.75,-12.75,2023,8,68.5,548.2,0.0,0.0
132.75,-12.25,2023,28,127.1,3559.4,0.0,7.1
132.75,-11.75,2023,4,84.8,339.0,0.0,0.0
133.25,-24.25,2023,25,109.3,2732.7,0.0,4.0
133.25,-23.75,2023,20,74.5,1489.7,0.0,5.0
133.25,-23.25,2023,7,61.8,432.8,0.0,0.0
133.25,-22.75,2023,34,89.3,3034.6,11.8,0.0
133.25,-22.25,2023,3,110.6,331.9,0.0,0.0
133.25,-21.75,2023,11,92.1,1013.5,0.0,0.0
133.25,-21.25,2023,3,55.5,166.4,0.0,0.0
133.25,-20.75,2023,7,213.5,1494.3,0.0,42.9
133.25,-20.25,2023,17,116.0,1972.8,23.5,11.8
133.25,-19.75,2023,75,98.4,7381.9,0.0,1.3
133.25,-19.25,2023,108,132.2,14273.8,6.5,16.7
133.25,-18.75,2023,14,73.1,1023.7,14.3,0.0
133.25,-14.75,2023,5,138.9,694.7,0.0,0.0
133.25,-14.25,2023,19,89.9,1708.6,0.0,0.0
133.25,-13.25,2023,3,74.4,223.2,0.0,0.0
133.25,-12.25,2023,9,133.0,1197.0,0.0,11.1
133.25,-11.75,2023,11,79.7,877.0,0.0,0.0
133.75,-32.25,2023,5,108.7,543.4,0.0,0.0
133.75,-23.75,2023,9,72.6,653.2,0.0,0.0
133.75,-23.25,2023,24,99.2,2380.9,0.0,4.2
133.75,-22.75,2023,9,105.4,948.5,0.0,0.0
133.75,-21.75,2023,11,72.2,793.7,0.0,0.0
133.75,-20.75,2023,53,109.6,5806.2,0.0,9.4
133.75,-20.25,2023,25,156.6,3915.5,4.0,32.0
133.75,-19.75,2023,66,104.4,6893.0,0.0,4.5
133.75,-19.25,2023,20,87.5,1749.5,5.0,0.0
133.75,-18.75,2023,49,115.0,5637.0,14.3,18.4
133.75,-18.25,2023,1,69.1,69.1,0.0,0.0
133.75,-15.25,2023,10,59.5,594.6,0.0,0.0
133.75,-14.75,2023,21,72.6,1524.0,0.0,4.8
133.75,-13.25,2023,4,106.4,425.5,0.0,0.0
133.75,-12.75,2023,2,89.7,179.4,0.0,0.0
133.75,-12.25,2023,6,111.6,669.8,0.0,16.7
133.75,-11.75,2023,6,103.4,620.2,0.0,0.0
134.25,-24.25,2023,3,102.1,306.2,0.0,33.3
134.25,-23.75,2023,2,56.3,112.5,0.0,0.0
134.25,-21.75,2023,1,61.4,61.4,0.0,0.0
134.25,-20.75,2023,22,127.9,2814.2,0.0,18.2
134.25,-19.75,2023,1,73.4,73.4,0.0,0.0
134.25,-18.75,2023,8,100.7,805.7,75.0,0.0
134.25,-16.75,2023,7,78.5,549.2,0.0,0.0
134.25,-16.25,2023,4,91.4,365.5,0.0,0.0
134.25,-15.75,2023,72,117.1,8433.6,0.0,8.3
134.25,-15.25,2023,15,124.2,1862.7,0.0,6.7
134.25,-14.75,2023,1,167.5,167.5,0.0,0.0
134.25,-14.25,2023,1,117.2,117.2,0.0,0.0
134.25,-13.75,2023,3,71.9,215.8,0.0,0.0
134.25,-13.25,2023,29,92.5,2683.7,0.0,3.4
134.25,-12.75,2023,43,107.4,4617.7,0.0,2.3
134.25,-12.25,2023,13,106.2,1380.1,0.0,7.7
134.75,-23.75,2023,13,92.5,1201.9,0.0,7.7
134.75,-23.25,2023,5,107.6,537.8,0.0,0.0
134.75,-22.25,2023,3,103.7,311.0,0.0,0.0
134.75,-21.75,2023,23,92.7,2133.0,0.0,0.0
134.75,-20.75,2023,1,155.2,155.2,0.0,0.0
134.75,-20.25,2023,109,111.0,12102.2,0.0,9.2
134.75,-19.75,2023,55,124.0,6821.4,0.0,12.7
134.75,-19.25,2023,14,93.3,1306.2,0.0,0.0
134.75,-16.25,2023,4,56.7,226.6,25.0,0.0
134.75,-15.75,2023,50,88.3,4415.1,14.0,8.0
134.75,-15.25,2023,6,136.5,819.2,0.0,16.7
134.75,-14.75,2023,5,58.4,292.0,0.0,0.0
134.75,-14.25,2023,2,106.4,212.9,0.0,0.0
134.75,-13.75,2023,4,139.6,558.5,0.0,25.0
134.75,-13.25,2023,2,63.9,127.8,0.0,0.0
134.75,-12.75,2023,9,169.9,1528.7,0.0,33.3
134.75,-12.25,2023,9,98.4,885.6,0.0,0.0
135.25,-20.75,2023,9,90.2,811.4,0.0,0.0
135.25,-20.25,2023,38,108.8,4136.3,50.0,13.2
135.25,-19.75,2023,51,109.4,5579.4,27.5,13.7
135.25,-19.25,2023,31,96.4,2988.1,6.5,6.5
135.25,-18.75,2023,6,55.6,333.8,0.0,0.0
135.25,-16.25,2023,40,144.6,5783.2,2.5,20.0
135.25,-15.75,2023,3,155.1,465.4,0.0,33.3
135.25,-14.25,2023,1,183.5,183.5,0.0,0.0
135.25,-13.75,2023,2,87.8,175.7,0.0,0.0
135.25,-12.75,2023,5,69.7,348.7,0.0,0.0
135.25,-12.25,2023,9,105.3,948.1,0.0,11.1
135.75,-34.75,2023,2,120.1,240.3,0.0,0.0
135.75,-34.25,2023,4,74.5,297.9,0.0,0.0
135.75,-21.25,2023,4,106.8,427.4,0.0,0.0
135.75,-20.75,2023,56,113.5,6356.5,0.0,8.9
135.75,-20.25,2023,33,104.1,3435.7,9.1,9.1
135.75,-19.75,2023,52,99.9,5196.8,3.8,9.6
135.75,-17.25,2023,2,134.8,269.6,0.0,0.0
135.75,-16.75,2023,30,113.5,3406.1,6.7,0.0
135.75,-16.25,2023,17,81.8,1390.1,0.0,0.0
135.75,-15.75,2023,51,116.7,5953.7,0.0,7.8
135.75,-15.25,2023,1,60.5,60.5,0.0,0.0
135.75,-13.75,2023,3,93.1,279.2,0.0,0.0
135.75,-13.25,2023,2,80.8,161.6,0.0,0.0
135.75,-12.75,2023,14,88.4,1237.9,0.0,0.0
135.75,-12.25,2023,12,99.5,1193.5,0.0,0.0
136.25,-21.25,2023,17,116.3,1976.7,0.0,0.0
136.25,-20.75,2023,163,128.8,20997.7,34.4,15.3
136.25,-20.25,2023,117,113.2,13247.5,65.8,11.1
136.25,-19.75,2023,55,114.3,6284.5,21.8,3.6
136.25,-18.25,2023,1,68.5,68.5,0.0,0.0
136.25,-17.75,2023,1,53.1,53.1,100.0,0.0
136.25,-17.25,2023,18,212.5,3824.2,38.9,33.3
136.25,-16.75,2023,6,92.1,552.3,0.0,0.0
136.25,-16.25,2023,19,74.8,1420.9,0.0,0.0
136.25,-15.75,2023,10,80.7,807.5,0.0,10.0
136.25,-15.25,2023,4,162.2,648.7,0.0,25.0
136.25,-12.25,2023,2,107.4,214.9,0.0,0.0
136.75,-35.75,2023,15,155.9,2338.3,0.0,33.3
136.75,-21.25,2023,12,160.6,1927.0,8.3,16.7
136.75,-20.75,2023,37,103.0,3809.3,13.5,0.0
136.75,-20.25,2023,117,160.0,18724.3,59.8,16.2
136.75,-19.75,2023,40,139.3,5571.5,0.0,22.5
136.75,-18.75,2023,52,168.5,8763.1,0.0,32.7
136.75,-18.25,2023,102,130.1,13266.1,3.9,15.7
136.75,-17.75,2023,22,107.6,2366.6,68.2,18.2
136.75,-17.25,2023,22,116.7,2568.2,81.8,9.1
136.75,-16.75,2023,10,69.4,694.4,0.0,0.0
136.75,-16.25,2023,19,87.1,1654.6,0.0,0.0
136.75,-15.75,2023,2,105.8,211.5,0.0,0.0
136.75,-13.75,2023,1,52.5,52.5,0.0,0.0
136.75,-12.25,2023,1,86.6,86.6,0.0,0.0
137.25,-35.75,2023,1,260.5,260.5,0.0,100.0
137.25,-19.75,2023,6,96.8,580.7,0.0,0.0
137.25,-18.75,2023,103,176.2,18149.3,0.0,30.1
137.25,-18.25,2023,47,115.7,5438.5,8.5,12.8
137.25,-17.75,2023,4,90.9,363.6,0.0,0.0
137.25,-17.25,2023,3,79.8,239.4,0.0,0.0
137.25,-16.75,2023,3,79.1,237.4,0.0,0.0
137.25,-16.25,2023,4,85.3,341.2,0.0,0.0
137.75,-34.25,2023,2,98.5,197.0,0.0,0.0
137.75,-20.75,2023,3,96.9,290.8,0.0,0.0
137.75,-18.75,2023,72,111.0,7994.2,0.0,11.1
137.75,-18.25,2023,34,101.3,3442.6,0.0,8.8
137.75,-17.75,2023,29,79.7,2311.2,0.0,3.4
137.75,-17.25,2023,7,80.7,564.9,14.3,0.0
138.25,-35.75,2023,1,150.7,150.7,0.0,0.0
138.25,-19.75,2023,8,75.3,602.5,0.0,0.0
138.25,-18.75,2023,6,69.7,418.5,0.0,0.0
138.25,-18.25,2023,15,86.7,1301.2,6.7,0.0
138.25,-17.75,2023,9,73.7,663.1,0.0,0.0
138.75,-34.25,2023,2,106.9,213.8,0.0,0.0
138.75,-33.75,2023,3,94.6,283.8,0.0,0.0
138.75,-33.25,2023,3,168.4,505.1,0.0,0.0
138.75,-20.25,2023,1,74.4,74.4,0.0,0.0
138.75,-18.75,2023,1,61.3,61.3,0.0,0.0
138.75,-18.25,2023,9,78.8,709.0,0.0,0.0
138.75,-17.75,2023,17,99.9,1698.8,0.0,0.0
138.75,-17.25,2023,6,120.5,723.0,0.0,0.0
139.25,-20.25,2023,1,98.8,98.8,0.0,0.0
139.25,-18.75,2023,4,94.8,379.2,0.0,0.0
139.25,-16.75,2023,1,66.8,66.8,0.0,0.0
139.75,-20.75,2023,4,82.4,329.6,0.0,0.0
140.25,-18.75,2023,23,97.7,2247.3,4.3,4.3
140.25,-17.75,2023,1,105.1,105.1,0.0,0.0
140.75,-36.75,2023,1,66.2,66.2,0.0,0.0
140.75,-34.75,2023,2,50.6,101.2,0.0,0.0
140.75,-21.75,2023,22,112.0,2464.0,0.0,9.1
140.75,-21.25,2023,4,157.4,629.8,0.0,25.0
141.25,-37.75,2023,1,108.3,108.3,0.0,0.0
141.25,-37.25,2023,2,65.1,130.2,0.0,0.0
141.25,-36.75,2023,3,113.0,339.0,0.0,33.3
141.25,-16.75,2023,1,53.8,53.8,0.0,0.0
141.75,-36.75,2023,6,84.9,509.7,0.0,0.0
141.75,-36.25,2023,3,124.6,373.7,0.0,0.0
141.75,-35.25,2023,8,100.8,806.4,0.0,0.0
141.75,-18.75,2023,1,92.7,92.7,0.0,0.0
141.75,-18.25,2023,1,94.2,94.2,0.0,0.0
141.75,-15.75,2023,2,76.1,152.1,0.0,0.0
141.75,-15.25,2023,6,88.2,529.3,0.0,0.0
141.75,-14.75,2023,4,96.6,386.3,0.0,0.0
141.75,-13.25,2023,7,79.5,556.7,0.0,0.0
141.75,-12.75,2023,7,89.1,623.7,0.0,0.0
141.75,-12.25,2023,7,61.8,432.6,0.0,0.0
142.25,-37.75,2023,3,89.4,268.3,0.0,0.0
142.25,-37.25,2023,1,58.4,58.4,0.0,0.0
142.25,-36.75,2023,2,99.6,199.2,0.0,0.0
142.25,-35.25,2023,1,55.5,55.5,0.0,0.0
142.25,-18.25,2023,15,130.2,1952.5,6.7,20.0
142.25,-16.25,2023,21,109.2,2293.2,0.0,4.8
142.25,-15.75,2023,1,51.8,51.8,0.0,0.0
142.25,-15.25,2023,1,58.6,58.6,0.0,0.0
142.25,-13.25,2023,16,101.1,1617.7,0.0,6.2
142.25,-12.75,2023,2,78.5,157.0,0.0,0.0
142.25,-12.25,2023,4,62.6,250.3,0.0,0.0
142.25,-11.25,2023,6,242.9,1457.6,0.0,33.3
142.75,-37.75,2023,4,76.9,307.5,0.0,0.0
142.75,-37.25,2023,2,64.5,129.1,0.0,0.0
142.75,-36.75,2023,3,69.1,207.2,0.0,0.0
142.75,-36.25,2023,2,98.3,196.6,0.0,0.0
142.75,-35.25,2023,1,56.0,56.0,0.0,0.0
142.75,-33.75,2023,1,50.8,50.8,0.0,0.0
142.75,-18.25,2023,1,93.9,93.9,0.0,0.0
142.75,-16.25,2023,1,59.1,59.1,0.0,0.0
142.75,-13.25,2023,2,63.0,126.0,0.0,0.0
142.75,-12.75,2023,7,127.7,893.9,0.0,14.3
142.75,-12.25,2023,4,114.6,458.5,0.0,0.0
142.75,-11.75,2023,11,137.5,1512.5,0.0,0.0
143.25,-37.75,2023,16,102.8,1644.3,0.0,6.2
143.25,-37.25,2023,2,131.2,262.5,0.0,0.0
143.25,-36.75,2023,1,110.6,110.6,0.0,0.0
143.25,-36.25,2023,2,82.0,164.0,0.0,0.0
143.25,-35.75,2023,1,51.7,51.7,0.0,0.0
143.25,-35.25,2023,1,94.5,94.5,0.0,0.0
143.25,-34.75,2023,1,51.5,51.5,0.0,0.0
143.25,-23.25,2023,3,99.1,297.2,0.0,0.0
143.25,-15.25,2023,2,93.0,186.0,0.0,0.0
143.25,-14.25,2023,3,95.1,285.2,0.0,0.0
143.25,-13.75,2023,1,53.5,53.5,0.0,0.0
143.25,-13.25,2023,3,112.4,337.2,0.0,33.3
143.75,-37.75,2023,1,75.6,75.6,0.0,0.0
143.75,-37.25,2023,3,77.4,232.1,0.0,0.0
143.75,-36.75,2023,1,96.5,96.5,0.0,0.0
143.75,-36.25,2023,4,123.0,491.8,0.0,0.0
143.75,-35.75,2023,1,62.8,62.8,0.0,0.0
143.75,-35.25,2023,1,57.2,57.2,0.0,0.0
143.75,-15.75,2023,1,60.3,60.3,0.0,0.0
143.75,-15.25,2023,1,64.0,64.0,0.0,0.0
143.75,-14.25,2023,1,54.2,54.2,0.0,0.0
144.25,-37.75,2023,1,228.3,228.3,0.0,100.0
144.25,-36.75,2023,1,148.2,148.2,0.0,0.0
144.25,-36.25,2023,4,78.4,313.6,0.0,0.0
144.25,-35.25,2023,5,107.1,535.4,0.0,0.0
144.25,-34.75,2023,4,225.3,901.3,0.0,50.0
144.25,-19.75,2023,1,67.0,67.0,0.0,0.0
144.25,-19.25,2023,1,67.0,67.0,0.0,0.0
144.25,-16.25,2023,6,89.2,535.4,16.7,0.0
144.25,-15.75,2023,29,104.0,3015.8,0.0,3.4
144.25,-14.75,2023,1,52.8,52.8,0.0,0.0
144.25,-14.25,2023,2,70.9,141.7,0.0,0.0
144.75,-41.25,2023,4,89.1,356.3,0.0,0.0
144.75,-40.75,2023,1,167.4,167.4,0.0,0.0
144.75,-36.75,2023,3,128.3,384.8,0.0,0.0
144.75,-36.25,2023,1,177.3,177.3,0.0,0.0
144.75,-35.75,2023,6,133.7,802.4,0.0,16.7
144.75,-35.25,2023,1,130.1,130.1,0.0,0.0
144.75,-32.25,2023,1,76.2,76.2,0.0,0.0
144.75,-20.25,2023,1,88.3,88.3,0.0,0.0
144.75,-16.75,2023,1,51.3,51.3,0.0,0.0
144.75,-16.25,2023,8,95.5,763.7,0.0,0.0
144.75,-15.75,2023,1,64.3,64.3,0.0,0.0
144.75,-15.25,2023,4,81.1,324.2,0.0,0.0
144.75,-14.75,2023,3,101.0,302.9,0.0,0.0
145.25,-40.75,2023,3,160.4,481.3,0.0,33.3
145.25,-37.25,2023,1,59.4,59.4,0.0,0.0
145.25,-36.75,2023,3,128.4,385.3,0.0,0.0
145.25,-35.75,2023,1,163.2,163.2,0.0,0.0
145.25,-34.75,2023,4,111.1,444.4,0.0,25.0
145.25,-34.25,2023,1,126.2,126.2,0.0,0.0
145.25,-22.75,2023,1,56.2,56.2,0.0,0.0
145.25,-21.25,2023,1,77.7,77.7,0.0,0.0
145.25,-20.75,2023,3,93.4,280.2,0.0,0.0
145.25,-18.25,2023,11,80.9,889.8,0.0,9.1
145.25,-17.75,2023,1,68.9,68.9,0.0,0.0
145.25,-16.75,2023,24,101.2,2427.8,0.0,8.3
145.75,-41.75,2023,1,135.6,135.6,0.0,0.0
145.75,-36.25,2023,4,68.7,274.7,0.0,0.0
145.75,-35.75,2023,8,105.8,846.2,0.0,12.5
145.75,-35.25,2023,2,85.9,171.8,0.0,0.0
145.75,-34.75,2023,9,76.4,687.3,0.0,0.0
145.75,-34.25,2023,7,121.6,851.1,0.0,0.0
145.75,-33.75,2023,1,58.3,58.3,0.0,0.0
145.75,-32.75,2023,1,70.0,70.0,0.0,0.0
145.75,-32.25,2023,4,58.3,233.2,0.0,0.0
145.75,-31.25,2023,5,132.5,662.4,0.0,20.0
145.75,-29.25,2023,1,203.7,203.7,0.0,100.0
145.75,-23.75,2023,3,65.3,196.0,0.0,0.0
145.75,-22.25,2023,47,152.5,7169.7,78.7,23.4
145.75,-21.75,2023,2,126.5,253.0,0.0,0.0
145.75,-19.25,2023,2,169.3,338.7,0.0,50.0
145.75,-18.75,2023,2,59.5,119.0,0.0,0.0
145.75,-18.25,2023,5,66.2,331.1,0.0,0.0
146.25,-43.25,2023,1,69.1,69.1,0.0,0.0
146.25,-42.25,2023,1,86.7,86.7,0.0,0.0
146.25,-36.25,2023,8,100.4,803.3,0.0,0.0
146.25,-35.75,2023,9,118.8,1069.6,0.0,33.3
146.25,-35.25,2023,1,77.3,77.3,0.0,0.0
146.25,-34.75,2023,10,97.6,976.2,0.0,10.0
146.25,-34.25,2023,16,93.7,1498.9,0.0,0.0
146.25,-33.75,2023,2,128.0,256.1,0.0,0.0
146.25,-33.25,2023,5,134.5,672.3,0.0,20.0
146.25,-32.75,2023,49,104.4,5117.3,6.1,2.0
146.25,-32.25,2023,3,58.3,174.8,0.0,0.0
146.25,-31.75,2023,4,111.6,446.3,0.0,0.0
146.25,-30.75,2023,1,72.9,72.9,0.0,0.0
146.25,-24.75,2023,3,198.2,594.7,0.0,0.0
146.25,-23.75,2023,3,132.2,396.6,0.0,0.0
146.25,-19.75,2023,3,90.3,270.8,0.0,0.0
146.25,-19.25,2023,9,152.0,1368.1,0.0,11.1
146.75,-43.25,2023,1,228.2,228.2,0.0,100.0
146.75,-42.75,2023,3,188.1,564.4,0.0,33.3
146.75,-42.25,2023,2,105.3,210.5,0.0,0.0
146.75,-35.75,2023,7,127.7,894.0,0.0,14.3
146.75,-35.25,2023,5,75.8,379.2,0.0,0.0
146.75,-34.75,2023,1,92.1,92.1,0.0,0.0
146.75,-34.25,2023,2,91.9,183.7,0.0,0.0
146.75,-33.75,2023,1,60.8,60.8,0.0,0.0
146.75,-33.25,2023,9,87.2,784.7,0.0,0.0
146.75,-32.75,2023,8,77.2,617.6,0.0,0.0
146.75,-31.25,2023,16,121.7,1947.0,25.0,12.5
146.75,-30.75,2023,21,117.3,2462.4,0.0,23.8
146.75,-26.75,2023,2,100.5,200.9,0.0,0.0
146.75,-26.25,2023,10,69.2,692.3,0.0,0.0
146.75,-25.25,2023,1,77.1,77.1,0.0,0.0
146.75,-24.75,2023,4,81.2,324.9,0.0,0.0
146.75,-21.25,2023,1,75.0,75.0,0.0,0.0
146.75,-19.25,2023,1,68.8,68.8,0.0,0.0
147.25,-42.25,2023,1,182.2,182.2,0.0,0.0
147.25,-41.75,2023,1,81.0,81.0,0.0,0.0
147.25,-38.25,2023,8,299.7,2398.0,100.0,25.0
147.25,-37.75,2023,8,325.2,2601.6,100.0,50.0
147.25,-35.75,2023,3,54.3,162.8,0.0,0.0
147.25,-35.25,2023,1,58.9,58.9,0.0,0.0
147.25,-34.75,2023,6,88.9,533.3,0.0,0.0
147.25,-33.75,2023,1,62.3,62.3,0.0,0.0
147.25,-33.25,2023,2,81.7,163.4,0.0,0.0
147.25,-32.75,2023,3,119.8,359.5,0.0,0.0
147.25,-32.25,2023,2,53.7,107.4,0.0,0.0
147.25,-31.75,2023,6,81.6,489.7,0.0,0.0
147.25,-26.75,2023,3,87.6,262.7,0.0,0.0
147.25,-25.75,2023,1,50.3,50.3,0.0,0.0
147.25,-25.25,2023,1,194.2,194.2,0.0,0.0
147.25,-24.75,2023,41,124.6,5107.2,7.3,14.6
147.25,-22.75,2023,4,94.5,377.9,0.0,0.0
147.75,-42.25,2023,1,209.2,209.2,0.0,100.0
147.75,-41.25,2023,1,75.4,75.4,0.0,0.0
147.75,-39.75,2023,4,229.5,918.0,0.0,75.0
147.75,-38.25,2023,1,63.4,63.4,100.0,0.0
147.75,-34.75,2023,14,101.3,1418.6,0.0,0.0
147.75,-34.25,2023,1,53.9,53.9,0.0,0.0
147.75,-33.75,2023,3,105.2,315.6,0.0,0.0
147.75,-33.25,2023,5,147.3,736.7,0.0,20.0
147.75,-32.75,2023,3,93.4,280.1,0.0,0.0
147.75,-30.75,2023,2,100.3,200.6,0.0,0.0
147.75,-25.25,2023,11,88.0,967.9,0.0,9.1
147.75,-24.75,2023,16,153.1,2449.6,0.0,31.2
147.75,-23.25,2023,1,51.7,51.7,0.0,0.0
148.25,-41.75,2023,3,60.9,182.8,0.0,0.0
148.25,-41.25,2023,1,166.2,166.2,0.0,0.0
148.25,-34.75,2023,3,70.7,212.0,0.0,0.0
148.25,-34.25,2023,4,74.8,299.0,0.0,0.0
148.25,-33.75,2023,1,120.2,120.2,0.0,0.0
148.25,-33.25,2023,1,91.5,91.5,0.0,0.0
148.25,-32.75,2023,2,55.9,111.7,0.0,0.0
148.25,-30.25,2023,1,74.8,74.8,0.0,0.0
148.25,-29.75,2023,1,72.5,72.5,0.0,0.0
148.25,-29.25,2023,3,130.5,391.5,0.0,0.0
148.25,-28.25,2023,3,70.4,211.3,0.0,0.0
148.25,-27.75,2023,1,56.0,56.0,0.0,0.0
148.25,-26.25,2023,1,65.8,65.8,0.0,0.0
148.25,-25.25,2023,20,85.5,1709.7,0.0,5.0
148.25,-23.75,2023,1,111.7,111.7,0.0,0.0
148.25,-23.25,2023,1,77.9,77.9,0.0,0.0
148.25,-22.25,2023,2,172.7,345.3,0.0,0.0
148.75,-33.75,2023,3,138.1,414.2,0.0,0.0
148.75,-32.75,2023,1,99.4,99.4,0.0,0.0
148.75,-32.25,2023,11,131.1,1441.8,0.0,18.2
148.75,-31.75,2023,6,87.4,524.3,0.0,0.0
148.75,-29.75,2023,9,115.6,1040.5,0.0,0.0
148.75,-29.25,2023,1,54.8,54.8,0.0,0.0
148.75,-28.25,2023,1,87.2,87.2,0.0,0.0
148.75,-27.75,2023,2,191.6,383.2,0.0,50.0
148.75,-26.75,2023,2,73.3,146.6,0.0,0.0
148.75,-25.75,2023,2,71.3,142.7,0.0,0.0
148.75,-24.25,2023,7,159.4,1115.9,0.0,42.9
148.75,-23.75,2023,5,164.1,820.7,0.0,60.0
148.75,-23.25,2023,1,116.3,116.3,0.0,0.0
148.75,-22.25,2023,1,121.6,121.6,0.0,0.0
149.25,-37.25,2023,6,123.0,737.7,0.0,16.7
149.25,-36.25,2023,1,75.0,75.0,0.0,0.0
149.25,-35.75,2023,3,73.8,221.5,0.0,0.0
149.25,-33.75,2023,6,136.0,816.2,0.0,0.0
149.25,-32.75,2023,53,100.4,5322.4,0.0,9.4
149.25,-31.75,2023,4,112.1,448.4,0.0,25.0
149.25,-29.75,2023,1,104.7,104.7,0.0,0.0
149.25,-29.25,2023,3,134.3,402.8,0.0,33.3
149.25,-25.75,2023,1,55.1,55.1,0.0,0.0
149.25,-25.25,2023,3,52.5,157.5,0.0,0.0
149.25,-24.25,2023,24,95.2,2286.0,0.0,0.0
149.25,-23.75,2023,7,100.7,704.7,0.0,0.0
149.75,-37.25,2023,3,140.7,422.1,0.0,0.0
149.75,-34.25,2023,3,112.8,338.4,0.0,0.0
149.75,-33.75,2023,3,167.2,501.6,0.0,33.3
149.75,-32.75,2023,26,117.9,3064.7,0.0,11.5
149.75,-32.25,2023,5,137.7,688.4,0.0,40.0
149.75,-31.75,2023,1,54.0,54.0,0.0,0.0
149.75,-30.75,2023,2,147.1,294.1,0.0,0.0
149.75,-29.75,2023,2,81.7,163.3,0.0,0.0
149.75,-28.75,2023,2,116.9,233.9,0.0,0.0
149.75,-26.75,2023,2,134.1,268.3,0.0,0.0
149.75,-25.25,2023,6,133.6,801.7,0.0,16.7
149.75,-24.75,2023,4,67.5,270.1,0.0,0.0
149.75,-24.25,2023,2,60.5,121.0,0.0,0.0
149.75,-23.75,2023,1,87.9,87.9,0.0,0.0
150.25,-34.75,2023,1,176.2,176.2,0.0,0.0
150.25,-31.75,2023,3,215.5,646.5,0.0,33.3
150.25,-29.75,2023,1,270.5,270.5,0.0,100.0
150.25,-27.75,2023,3,114.6,343.7,0.0,0.0
150.25,-27.25,2023,5,160.6,803.2,0.0,0.0
150.25,-26.75,2023,21,157.5,3306.6,0.0,23.8
150.25,-26.25,2023,16,121.9,1950.0,37.5,18.8
150.25,-25.75,2023,4,113.4,453.5,0.0,0.0
150.25,-25.25,2023,6,142.6,855.6,0.0,16.7
150.25,-23.25,2023,3,59.0,177.1,0.0,0.0
150.25,-22.75,2023,17,95.4,1621.1,0.0,0.0
150.25,-22.25,2023,1,73.2,73.2,0.0,0.0
150.75,-34.25,2023,1,89.5,89.5,0.0,0.0
150.75,-30.25,2023,2,361.4,722.8,0.0,50.0
150.75,-29.25,2023,4,119.7,478.7,0.0,0.0
150.75,-28.75,2023,7,163.2,1142.2,0.0,28.6
150.75,-28.25,2023,4,87.8,351.3,0.0,0.0
150.75,-27.75,2023,17,111.0,1887.6,17.6,5.9
150.75,-27.25,2023,1,76.5,76.5,0.0,0.0
150.75,-26.75,2023,4,109.4,437.7,0.0,0.0
150.75,-24.25,2023,4,143.6,574.5,0.0,25.0
151.25,-31.25,2023,3,134.7,404.2,0.0,0.0
151.25,-29.25,2023,3,85.1,255.2,0.0,0.0
151.25,-28.75,2023,2,69.2,138.4,0.0,0.0
151.25,-28.25,2023,12,109.1,1309.4,0.0,25.0
151.25,-27.75,2023,34,159.1,5408.2,47.1,26.5
151.25,-27.25,2023,9,93.9,845.2,33.3,0.0
151.25,-26.75,2023,2,67.0,134.0,0.0,0.0
151.75,-30.25,2023,1,90.5,90.5,0.0,0.0
151.75,-26.75,2023,2,112.5,225.0,0.0,0.0
151.75,-24.75,2023,2,70.9,141.8,0.0,0.0
151.75,-24.25,2023,5,90.2,450.9,0.0,0.0
152.25,-32.25,2023,1,64.2,64.2,0.0,0.0
152.25,-31.25,2023,1,69.9,69.9,0.0,0.0
152.25,-30.75,2023,1,204.4,204.4,0.0,100.0
152.25,-29.25,2023,3,124.6,373.8,0.0,0.0
152.25,-27.25,2023,1,55.8,55.8,0.0,0.0
152.25,-25.25,2023,1,176.6,176.6,0.0,0.0
152.75,-31.25,2023,2,109.0,218.0,0.0,0.0
152.75,-30.75,2023,2,75.8,151.7,0.0,0.0
152.75,-30.25,2023,2,62.2,124.5,0.0,0.0
152.75,-28.75,2023,1,101.1,101.1,0.0,0.0
152.75,-25.25,2023,1,63.9,63.9,0.0,0.0
153.25,-29.75,2023,3,112.7,338.2,33.3,0.0
153.25,-29.25,2023,9,89.3,803.8,0.0,0.0
153.75,-28.75,2023,1,53.8,53.8,0.0,0.0
114.75,-29.75,2024,3,129.4,388.1,0.0,0.0
114.75,-28.25,2024,2,209.9,419.8,0.0,50.0
114.75,-23.25,2024,1,125.7,125.7,0.0,0.0
114.75,-22.25,2024,2,134.0,268.1,0.0,0.0
115.25,-30.75,2024,251,131.4,32990.3,2.0,15.9
115.25,-30.25,2024,8,204.0,1632.2,0.0,37.5
115.25,-29.75,2024,13,127.7,1659.7,0.0,7.7
115.25,-29.25,2024,2,154.1,308.1,0.0,0.0
115.25,-28.25,2024,1,96.7,96.7,0.0,0.0
115.25,-24.75,2024,2,108.9,217.8,0.0,0.0
115.75,-34.25,2024,31,198.3,6148.8,0.0,32.3
115.75,-33.75,2024,12,84.4,1013.3,0.0,0.0
115.75,-32.75,2024,5,78.8,393.9,60.0,0.0
115.75,-31.75,2024,13,98.8,1284.4,0.0,7.7
115.75,-31.25,2024,20,96.1,1922.9,0.0,5.0
115.75,-29.75,2024,1,70.8,70.8,0.0,0.0
115.75,-23.25,2024,3,102.5,307.4,0.0,0.0
116.25,-34.75,2024,25,170.2,4255.5,0.0,36.0
116.25,-34.25,2024,4,87.2,348.9,0.0,0.0
116.25,-33.75,2024,1,103.8,103.8,0.0,0.0
116.25,-33.25,2024,28,140.4,3930.3,0.0,25.0
116.25,-32.75,2024,45,115.8,5208.9,2.2,8.9
116.25,-32.25,2024,15,111.1,1667.2,0.0,6.7
116.25,-31.75,2024,1,221.9,221.9,0.0,100.0
116.25,-30.75,2024,3,127.0,381.1,0.0,0.0
116.25,-23.25,2024,7,109.4,766.0,0.0,0.0
116.25,-22.25,2024,1,75.0,75.0,0.0,0.0
116.25,-21.25,2024,5,78.0,390.2,0.0,0.0
116.75,-35.25,2024,3,129.9,389.8,0.0,0.0
116.75,-34.75,2024,32,124.4,3982.2,0.0,12.5
116.75,-34.25,2024,1,132.5,132.5,0.0,0.0
116.75,-32.75,2024,1,101.8,101.8,0.0,0.0
116.75,-32.25,2024,7,105.5,738.6,0.0,0.0
116.75,-31.75,2024,10,83.7,837.4,0.0,0.0
116.75,-31.25,2024,1,73.6,73.6,0.0,0.0
116.75,-30.75,2024,1,54.4,54.4,0.0,0.0
116.75,-22.75,2024,2,116.8,233.6,0.0,0.0
116.75,-22.25,2024,1,57.5,57.5,0.0,0.0
116.75,-21.75,2024,3,115.2,345.5,0.0,0.0
116.75,-20.75,2024,3,72.7,218.1,0.0,0.0
117.25,-35.25,2024,1,191.6,191.6,0.0,0.0
117.25,-34.75,2024,3,93.5,280.4,0.0,0.0
117.25,-34.25,2024,3,80.6,241.8,0.0,0.0
117.25,-33.75,2024,1,50.5,50.5,0.0,0.0
117.25,-33.25,2024,4,70.4,281.7,0.0,0.0
117.25,-32.75,2024,4,71.6,286.6,0.0,0.0
117.25,-32.25,2024,5,71.0,355.1,0.0,0.0
117.25,-31.75,2024,8,100.3,802.0,0.0,0.0
117.25,-22.25,2024,1,54.9,54.9,0.0,0.0
117.25,-21.75,2024,1,77.1,77.1,0.0,0.0
117.25,-21.25,2024,1,164.3,164.3,0.0,0.0
117.75,-34.75,2024,4,80.1,320.4,0.0,0.0
117.75,-31.75,2024,1,56.9,56.9,0.0,0.0
117.75,-21.75,2024,3,161.0,483.0,0.0,33.3
118.25,-34.75,2024,21,162.5,3412.1,0.0,14.3
118.25,-32.75,2024,1,50.7,50.7,0.0,0.0
118.25,-32.25,2024,1,61.5,61.5,0.0,0.0
118.25,-22.75,2024,2,88.3,176.6,0.0,0.0
118.25,-22.25,2024,2,55.1,110.2,0.0,0.0
118.25,-21.75,2024,18,128.5,2312.8,0.0,16.7
118.25,-21.25,2024,3,111.0,333.0,33.3,0.0
118.25,-20.75,2024,1,80.7,80.7,0.0,0.0
118.25,-20.25,2024,1,67.1,67.1,0.0,0.0
118.75,-34.75,2024,3,101.4,304.3,0.0,0.0
118.75,-33.75,2024,2,54.5,109.1,0.0,0.0
118.75,-32.75,2024,5,177.2,885.9,0.0,40.0
118.75,-31.25,2024,1,53.2,53.2,0.0,0.0
118.75,-29.25,2024,8,110.5,883.7,0.0,0.0
118.75,-22.75,2024,3,126.5,379.4,0.0,0.0
118.75,-21.75,2024,2,77.8,155.6,0.0,0.0
118.75,-21.25,2024,6,129.1,774.5,0.0,33.3
118.75,-20.75,2024,1,68.0,68.0,0.0,0.0
119.25,-33.25,2024,3,72.4,217.2,0.0,0.0
119.25,-32.75,2024,1,65.9,65.9,0.0,0.0
119.25,-27.75,2024,4,112.1,448.3,0.0,25.0
119.25,-22.75,2024,8,117.4,939.2,0.0,0.0
119.25,-21.75,2024,7,112.3,785.9,0.0,0.0
119.25,-21.25,2024,7,77.4,541.7,0.0,0.0
119.75,-24.75,2024,2,66.0,132.1,0.0,0.0
119.75,-23.25,2024,1,63.4,63.4,0.0,0.0
119.75,-22.75,2024,10,169.2,1692.2,0.0,40.0
119.75,-22.25,2024,1,90.7,90.7,0.0,0.0
119.75,-21.75,2024,5,108.9,544.4,40.0,20.0
119.75,-21.25,2024,19,120.8,2294.3,10.5,15.8
119.75,-20.75,2024,17,85.9,1461.0,11.8,0.0
119.75,-20.25,2024,2,92.0,184.0,0.0,0.0
120.25,-33.75,2024,2,53.0,106.1,0.0,0.0
120.25,-31.75,2024,9,132.9,1196.4,0.0,0.0
120.25,-31.25,2024,8,82.5,659.7,0.0,0.0
120.25,-30.75,2024,6,105.4,632.4,0.0,0.0
120.25,-23.25,2024,6,121.9,731.4,0.0,0.0
120.25,-22.25,2024,3,86.0,258.0,0.0,0.0
120.25,-21.75,2024,5,130.3,651.7,0.0,20.0
120.25,-21.25,2024,5,83.5,417.4,0.0,0.0
120.25,-20.75,2024,3,100.5,301.5,0.0,0.0
120.25,-20.25,2024,21,83.7,1758.3,0.0,0.0
120.75,-30.75,2024,4,73.2,292.7,0.0,0.0
120.75,-22.75,2024,2,79.3,158.6,0.0,0.0
120.75,-22.25,2024,10,101.6,1015.8,0.0,0.0
120.75,-21.75,2024,2,100.6,201.3,0.0,0.0
120.75,-20.75,2024,3,122.9,368.6,0.0,0.0
121.25,-33.75,2024,2,159.4,318.8,0.0,0.0
121.25,-33.25,2024,5,116.8,583.9,0.0,0.0
121.25,-22.75,2024,12,113.2,1358.9,0.0,8.3
121.25,-22.25,2024,5,101.1,505.6,0.0,0.0
121.25,-21.75,2024,11,131.6,1447.1,27.3,27.3
121.25,-21.25,2024,7,135.3,946.8,0.0,14.3
121.25,-20.75,2024,5,99.8,498.9,20.0,0.0
121.25,-20.25,2024,5,136.1,680.4,0.0,0.0
121.75,-33.75,2024,1,99.0,99.0,0.0,0.0
121.75,-22.75,2024,8,64.7,518.0,0.0,0.0
121.75,-21.75,2024,2,197.0,393.9,0.0,50.0
121.75,-21.25,2024,12,110.9,1330.7,0.0,8.3
121.75,-20.75,2024,3,75.8,227.5,100.0,0.0
121.75,-19.75,2024,11,199.7,2196.4,0.0,27.3
121.75,-19.25,2024,27,134.5,3631.4,0.0,11.1
121.75,-18.75,2024,2,77.4,154.8,0.0,0.0
122.25,-33.75,2024,1,148.3,148.3,0.0,0.0
122.25,-22.75,2024,1,137.2,137.2,0.0,0.0
122.25,-22.25,2024,1,97.0,97.0,0.0,0.0
122.25,-20.25,2024,1,215.5,215.5,0.0,100.0
122.25,-18.75,2024,5,126.8,633.8,0.0,0.0
122.25,-17.75,2024,27,86.6,2339.4,0.0,3.7
122.25,-17.25,2024,22,102.2,2249.2,0.0,9.1
122.75,-26.25,2024,2,161.6,323.2,0.0,50.0
122.75,-25.25,2024,2,74.4,148.7,0.0,0.0
122.75,-23.25,2024,2,76.2,152.4,0.0,0.0
122.75,-22.25,2024,1,133.1,133.1,0.0,0.0
122.75,-21.25,2024,7,113.8,796.5,0.0,0.0
122.75,-20.75,2024,5,90.5,452.4,80.0,0.0
122.75,-20.25,2024,1,53.4,53.4,0.0,0.0
122.75,-18.75,2024,14,126.0,1764.0,0.0,14.3
122.75,-18.25,2024,21,94.6,1986.8,0.0,4.8
122.75,-17.75,2024,14,86.1,1205.7,0.0,0.0
122.75,-17.25,2024,11,101.7,1119.1,0.0,0.0
122.75,-16.75,2024,7,73.4,513.9,0.0,0.0
123.25,-22.75,2024,1,50.5,50.5,0.0,0.0
123.25,-22.25,2024,11,77.2,849.3,0.0,0.0
123.25,-20.25,2024,3,162.9,488.6,0.0,33.3
123.25,-18.25,2024,10,149.5,1494.9,0.0,10.0
123.25,-17.25,2024,1,84.3,84.3,0.0,0.0
123.25,-16.75,2024,3,133.0,399.1,0.0,0.0
123.75,-32.75,2024,49,144.1,7061.6,0.0,28.6
123.75,-32.25,2024,59,148.6,8764.7,0.0,23.7
123.75,-24.25,2024,2,103.7,207.4,0.0,0.0
123.75,-23.25,2024,26,263.2,6842.5,96.2,30.8
123.75,-22.75,2024,6,153.3,920.0,0.0,33.3
123.75,-22.25,2024,5,67.6,338.0,0.0,0.0
123.75,-20.75,2024,6,124.4,746.2,0.0,16.7
123.75,-18.25,2024,1,79.6,79.6,0.0,0.0
123.75,-17.75,2024,1,57.9,57.9,0.0,0.0
123.75,-17.25,2024,7,92.1,644.9,0.0,14.3
123.75,-16.75,2024,1,142.0,142.0,0.0,0.0
124.25,-22.75,2024,1,81.1,81.1,0.0,0.0
124.25,-22.25,2024,2,50.7,101.4,0.0,0.0
124.25,-21.75,2024,18,187.0,3365.5,0.0,38.9
124.25,-21.25,2024,16,163.8,2620.9,0.0,18.8
124.25,-18.75,2024,3,102.5,307.5,0.0,0.0
124.25,-18.25,2024,5,86.3,431.4,0.0,0.0
124.25,-17.75,2024,7,106.5,745.8,0.0,14.3
124.25,-17.25,2024,1,51.7,51.7,0.0,0.0
124.25,-16.75,2024,3,86.7,260.1,0.0,0.0
124.25,-15.75,2024,1,64.3,64.3,0.0,0.0
124.75,-24.25,2024,3,117.0,351.0,0.0,0.0
124.75,-23.75,2024,2,62.5,125.0,50.0,0.0
124.75,-23.25,2024,4,62.6,250.4,0.0,0.0
124.75,-22.25,2024,13,118.3,1537.4,0.0,0.0
124.75,-21.25,2024,7,65.6,458.9,0.0,0.0
124.75,-20.25,2024,2,68.3,136.7,0.0,0.0
124.75,-18.25,2024,2,80.3,160.7,0.0,0.0
124.75,-17.75,2024,1,141.3,141.3,0.0,0.0
124.75,-16.75,2024,2,73.5,147.0,0.0,0.0
124.75,-16.25,2024,2,113.9,227.8,0.0,0.0
124.75,-15.75,2024,1,94.7,94.7,0.0,0.0
124.75,-15.25,2024,10,74.1,740.8,0.0,0.0
125.25,-22.25,2024,10,78.8,787.6,0.0,0.0
125.25,-21.75,2024,2,301.1,602.2,0.0,50.0
125.25,-19.25,2024,1,72.8,72.8,0.0,0.0
125.25,-18.75,2024,6,100.7,604.2,0.0,0.0
125.25,-18.25,2024,1,116.3,116.3,0.0,0.0
125.25,-16.75,2024,3,149.1,447.2,0.0,0.0
125.25,-16.25,2024,5,88.8,443.9,0.0,0.0
125.25,-15.75,2024,3,92.7,278.1,0.0,0.0
125.25,-14.75,2024,1,163.7,163.7,0.0,0.0
125.75,-27.25,2024,5,95.7,478.5,0.0,0.0
125.75,-22.25,2024,7,127.4,891.6,0.0,14.3
125.75,-19.25,2024,5,204.2,1020.9,0.0,60.0
125.75,-18.75,2024,3,101.8,305.5,0.0,0.0
125.75,-18.25,2024,6,79.3,475.6,16.7,0.0
125.75,-17.75,2024,1,85.8,85.8,0.0,0.0
125.75,-17.25,2024,5,97.0,485.1,0.0,0.0
125.75,-16.75,2024,1,155.8,155.8,0.0,0.0
125.75,-16.25,2024,4,69.5,278.0,0.0,0.0
125.75,-15.75,2024,4,52.8,211.0,0.0,0.0
125.75,-15.25,2024,9,103.2,928.4,0.0,11.1
125.75,-14.75,2024,8,82.6,661.0,0.0,12.5
126.25,-25.25,2024,8,82.2,657.7,0.0,0.0
126.25,-24.25,2024,3,83.9,251.6,0.0,0.0
126.25,-22.75,2024,2,91.2,182.3,0.0,0.0
126.25,-22.25,2024,17,141.1,2398.0,0.0,23.5
126.25,-21.75,2024,13,103.4,1344.5,0.0,7.7
126.25,-21.25,2024,1,186.2,186.2,0.0,0.0
126.25,-20.75,2024,13,238.0,3093.7,0.0,46.2
126.25,-18.75,2024,1,134.8,134.8,0.0,0.0
126.25,-18.25,2024,10,78.1,781.4,0.0,0.0
126.25,-17.75,2024,4,93.8,375.1,0.0,0.0
126.25,-17.25,2024,5,95.5,477.3,0.0,0.0
126.25,-16.75,2024,18,82.4,1483.3,0.0,0.0
126.25,-16.25,2024,2,110.6,221.1,0.0,0.0
126.25,-15.75,2024,2,76.3,152.7,0.0,0.0
126.25,-15.25,2024,4,111.4,445.4,0.0,0.0
126.25,-14.75,2024,10,89.0,890.1,0.0,0.0
126.75,-22.25,2024,4,90.4,361.4,0.0,0.0
126.75,-21.75,2024,7,110.4,772.7,0.0,0.0
126.75,-21.25,2024,2,62.8,125.6,0.0,0.0
126.75,-20.75,2024,1,92.3,92.3,0.0,0.0
126.75,-20.25,2024,3,135.8,407.3,0.0,33.3
126.75,-19.75,2024,2,140.1,280.2,0.0,0.0
126.75,-19.25,2024,25,174.7,4366.5,12.0,32.0
126.75,-18.75,2024,2,86.5,173.0,0.0,0.0
126.75,-18.25,2024,3,96.0,288.0,0.0,0.0
126.75,-17.25,2024,7,91.6,641.0,0.0,0.0
126.75,-16.75,2024,1,64.6,64.6,0.0,0.0
126.75,-15.75,2024,2,64.8,129.7,0.0,0.0
126.75,-15.25,2024,2,100.4,200.8,0.0,0.0
126.75,-14.75,2024,3,91.2,273.6,0.0,0.0
126.75,-14.25,2024,12,121.5,1457.4,0.0,16.7
127.25,-22.75,2024,27,122.5,3308.7,0.0,3.7
127.25,-22.25,2024,4,133.3,533.4,0.0,25.0
127.25,-21.75,2024,2,93.6,187.2,0.0,0.0
127.25,-21.25,2024,7,136.5,955.8,0.0,14.3
127.25,-20.75,2024,19,112.9,2144.6,0.0,10.5
127.25,-20.25,2024,11,82.9,911.7,0.0,0.0
127.25,-19.75,2024,2,53.3,106.6,0.0,0.0
127.25,-19.25,2024,7,106.1,742.4,42.9,14.3
127.25,-18.75,2024,10,133.6,1335.7,0.0,10.0
127.25,-18.25,2024,6,105.1,630.7,0.0,0.0
127.25,-17.25,2024,1,258.6,258.6,0.0,100.0
127.25,-16.25,2024,4,137.7,550.8,0.0,25.0
127.25,-15.75,2024,3,70.5,211.6,0.0,0.0
127.25,-15.25,2024,2,94.4,188.7,0.0,0.0
127.25,-14.75,2024,1,132.4,132.4,0.0,0.0
127.25,-14.25,2024,13,79.1,1028.5,0.0,0.0
127.75,-23.75,2024,2,72.8,145.6,0.0,0.0
127.75,-23.25,2024,2,131.5,263.0,0.0,50.0
127.75,-22.75,2024,1,80.8,80.8,0.0,0.0
127.75,-22.25,2024,15,84.9,1273.2,0.0,0.0
127.75,-21.75,2024,1,69.2,69.2,0.0,0.0
127.75,-21.25,2024,14,141.8,1985.1,0.0,28.6
127.75,-20.25,2024,11,151.3,1664.0,0.0,18.2
127.75,-19.75,2024,8,86.0,687.6,0.0,0.0
127.75,-19.25,2024,4,63.8,255.3,0.0,0.0
127.75,-18.75,2024,7,67.7,473.8,0.0,0.0
127.75,-18.25,2024,7,110.0,770.2,14.3,0.0
127.75,-17.75,2024,5,112.2,561.0,0.0,20.0
127.75,-16.75,2024,9,82.2,740.0,0.0,0.0
127.75,-16.25,2024,2,61.0,122.1,0.0,0.0
127.75,-15.75,2024,3,61.0,182.9,0.0,0.0
127.75,-15.25,2024,1,99.5,99.5,0.0,0.0
127.75,-14.75,2024,2,53.0,105.9,0.0,0.0
128.25,-24.25,2024,5,89.2,446.1,0.0,0.0
128.25,-22.25,2024,2,160.3,320.6,0.0,50.0
128.25,-21.75,2024,1,83.1,83.1,0.0,0.0
128.25,-21.25,2024,19,150.0,2850.7,0.0,15.8
128.25,-20.75,2024,1,189.6,189.6,0.0,0.0
128.25,-20.25,2024,5,102.0,509.8,0.0,0.0
128.25,-19.75,2024,23,153.8,3537.7,0.0,21.7
128.25,-19.25,2024,11,91.2,1003.7,45.5,18.2
128.25,-18.75,2024,1,79.8,79.8,0.0,0.0
128.25,-17.75,2024,22,136.6,3006.2,0.0,18.2
128.25,-17.25,2024,12,64.7,775.9,0.0,0.0
128.25,-16.75,2024,8,84.5,676.4,0.0,0.0
128.25,-15.75,2024,3,73.6,220.8,0.0,0.0
128.75,-28.25,2024,1,55.9,55.9,0.0,0.0
128.75,-24.75,2024,4,128.2,512.7,0.0,0.0
128.75,-23.75,2024,1,126.3,126.3,0.0,0.0
128.75,-23.25,2024,3,104.5,313.5,0.0,0.0
128.75,-22.25,2024,4,80.0,320.1,0.0,0.0
128.75,-21.75,2024,42,113.9,4784.0,0.0,9.5
128.75,-20.75,2024,1,113.1,113.1,0.0,0.0
128.75,-20.25,2024,4,94.6,378.5,0.0,0.0
128.75,-19.75,2024,18,111.2,2001.0,11.1,11.1
128.75,-19.25,2024,7,82.1,574.4,0.0,0.0
128.75,-18.75,2024,5,58.3,291.5,80.0,0.0
128.75,-18.25,2024,6,96.4,578.4,0.0,0.0
128.75,-17.75,2024,16,108.0,1727.9,6.2,12.5
128.75,-17.25,2024,14,83.0,1162.7,0.0,0.0
128.75,-16.75,2024,6,108.2,649.1,0.0,0.0
128.75,-15.75,2024,1,111.2,111.2,0.0,0.0
128.75,-15.25,2024,6,67.2,403.3,0.0,0.0
129.25,-27.75,2024,23,134.6,3096.6,0.0,4.3
129.25,-27.25,2024,1,55.0,55.0,0.0,0.0
129.25,-22.75,2024,1,75.9,75.9,0.0,0.0
129.25,-21.25,2024,3,388.7,1166.1,0.0,100.0
129.25,-20.75,2024,1,58.7,58.7,0.0,0.0
129.25,-19.75,2024,23,133.8,3077.6,0.0,13.0
129.25,-19.25,2024,1,84.5,84.5,0.0,0.0
129.25,-17.75,2024,2,106.3,212.6,0.0,0.0
129.25,-17.25,2024,17,129.2,2196.5,0.0,17.6
129.25,-16.75,2024,2,73.1,146.3,0.0,0.0
129.25,-16.25,2024,5,59.2,295.8,0.0,0.0
129.25,-15.75,2024,13,171.5,2229.5,0.0,23.1
129.25,-14.25,2024,3,89.3,267.9,0.0,0.0
129.75,-28.25,2024,2,70.6,141.1,0.0,0.0
129.75,-26.25,2024,1,54.9,54.9,0.0,0.0
129.75,-23.75,2024,1,142.0,142.0,0.0,0.0
129.75,-21.25,2024,23,114.1,2624.1,0.0,8.7
129.75,-20.75,2024,4,74.6,298.3,0.0,0.0
129.75,-19.25,2024,1,219.9,219.9,0.0,100.0
129.75,-18.75,2024,18,94.2,1696.5,5.6,0.0
129.75,-18.25,2024,12,143.0,1715.5,0.0,16.7
129.75,-17.75,2024,26,129.7,3371.8,53.8,11.5
129.75,-17.25,2024,11,138.9,1527.6,18.2,27.3
129.75,-16.75,2024,21,96.9,2034.8,0.0,0.0
129.75,-16.25,2024,2,65.5,131.0,0.0,0.0
129.75,-15.75,2024,1,54.3,54.3,0.0,0.0
129.75,-15.25,2024,1,125.2,125.2,0.0,0.0
129.75,-14.25,2024,20,94.3,1886.0,0.0,5.0
129.75,-13.75,2024,30,89.8,2693.7,0.0,0.0
130.25,-29.25,2024,1,60.1,60.1,0.0,0.0
130.25,-28.25,2024,1,55.2,55.2,0.0,0.0
130.25,-19.75,2024,4,81.5,325.9,0.0,0.0
130.25,-19.25,2024,10,130.9,1309.4,10.0,0.0
130.25,-18.75,2024,32,157.6,5043.2,6.2,28.1
130.25,-18.25,2024,9,124.4,1119.5,0.0,22.2
130.25,-17.75,2024,18,76.1,1369.2,38.9,0.0
130.25,-17.25,2024,4,126.7,506.8,0.0,0.0
130.25,-16.75,2024,5,96.5,482.8,0.0,0.0
130.25,-16.25,2024,1,55.7,55.7,100.0,0.0
130.25,-15.75,2024,1,67.0,67.0,0.0,0.0
130.25,-15.25,2024,2,68.2,136.5,0.0,0.0
130.25,-14.75,2024,5,67.2,336.1,0.0,0.0
130.25,-14.25,2024,16,119.4,1910.5,0.0,12.5
130.25,-13.75,2024,52,107.6,5597.2,0.0,3.8
130.25,-13.25,2024,2,73.0,146.0,0.0,0.0
130.25,-12.75,2024,8,153.0,1224.4,0.0,25.0
130.25,-11.25,2024,1,126.5,126.5,0.0,0.0
130.75,-25.25,2024,1,59.9,59.9,0.0,0.0
130.75,-21.25,2024,8,106.1,848.4,0.0,12.5
130.75,-20.75,2024,12,132.6,1591.4,0.0,33.3
130.75,-20.25,2024,6,115.2,691.0,0.0,0.0
130.75,-19.25,2024,2,190.3,380.6,0.0,50.0
130.75,-18.75,2024,13,95.4,1239.9,0.0,0.0
130.75,-18.25,2024,25,115.9,2896.7,0.0,12.0
130.75,-17.75,2024,38,101.8,3869.0,7.9,10.5
130.75,-17.25,2024,11,157.5,1732.9,0.0,27.3
130.75,-16.75,2024,5,130.3,651.4,0.0,20.0
130.75,-16.25,2024,1,72.3,72.3,0.0,0.0
130.75,-15.75,2024,3,56.1,168.4,0.0,0.0
130.75,-14.75,2024,1,62.0,62.0,0.0,0.0
130.75,-14.25,2024,3,66.5,199.5,0.0,0.0
130.75,-13.75,2024,6,73.6,441.4,0.0,0.0
130.75,-13.25,2024,18,111.3,2002.5,0.0,11.1
130.75,-12.75,2024,16,108.8,1740.8,0.0,0.0
130.75,-12.25,2024,1,225.8,225.8,0.0,100.0
130.75,-11.75,2024,9,88.0,792.4,0.0,0.0
130.75,-11.25,2024,1,58.5,58.5,0.0,0.0
131.25,-27.75,2024,2,52.5,105.1,0.0,0.0
131.25,-25.25,2024,1,81.8,81.8,0.0,0.0
131.25,-21.75,2024,15,84.2,1263.3,0.0,0.0
131.25,-20.75,2024,22,106.5,2342.2,4.5,4.5
131.25,-20.25,2024,3,119.6,358.7,66.7,0.0
131.25,-19.75,2024,2,159.0,318.1,0.0,0.0
131.25,-19.25,2024,4,95.6,382.6,0.0,0.0
131.25,-18.75,2024,2,67.2,134.3,0.0,0.0
131.25,-18.25,2024,14,131.1,1834.8,0.0,14.3
131.25,-17.75,2024,16,102.0,1632.4,0.0,6.2
131.25,-17.25,2024,15,72.8,1092.7,6.7,0.0
131.25,-16.75,2024,3,60.1,180.3,0.0,0.0
131.25,-15.75,2024,30,100.5,3013.9,0.0,0.0
131.25,-15.25,2024,24,75.4,1809.2,0.0,0.0
131.25,-14.75,2024,2,54.6,109.2,0.0,0.0
131.25,-14.25,2024,8,91.7,734.0,0.0,0.0
131.25,-13.75,2024,28,102.1,2860.0,0.0,7.1
131.25,-13.25,2024,11,83.5,918.9,0.0,9.1
131.25,-12.75,2024,7,76.6,536.0,0.0,0.0
131.25,-12.25,2024,2,73.2,146.5,0.0,0.0
131.25,-11.75,2024,5,131.4,657.2,0.0,20.0
131.75,-27.75,2024,4,134.7,538.6,0.0,50.0
131.75,-24.25,2024,1,76.9,76.9,0.0,0.0
131.75,-20.75,2024,1,146.7,146.7,0.0,0.0
131.75,-20.25,2024,5,281.2,1406.2,0.0,40.0
131.75,-19.75,2024,1,65.7,65.7,0.0,0.0
131.75,-19.25,2024,1,76.5,76.5,0.0,0.0
131.75,-18.75,2024,9,123.1,1108.2,22.2,0.0
131.75,-18.25,2024,6,92.3,553.5,16.7,16.7
131.75,-17.25,2024,4,62.8,251.3,0.0,0.0
131.75,-16.75,2024,20,117.7,2354.7,0.0,15.0
131.75,-16.25,2024,2,64.5,129.0,0.0,0.0
131.75,-15.75,2024,2,115.6,231.1,0.0,0.0
131.75,-15.25,2024,1,78.4,78.4,0.0,0.0
131.75,-14.75,2024,11,94.6,1040.4,0.0,0.0
131.75,-14.25,2024,5,76.0,379.9,0.0,0.0
131.75,-13.75,2024,20,91.4,1828.2,0.0,0.0
131.75,-13.25,2024,7,86.2,603.4,0.0,0.0
131.75,-12.75,2024,2,105.1,210.2,0.0,0.0
131.75,-12.25,2024,1,52.3,52.3,0.0,0.0
131.75,-11.25,2024,1,78.6,78.6,0.0,0.0
132.25,-30.25,2024,10,69.3,692.6,0.0,0.0
132.25,-21.75,2024,9,98.0,881.7,22.2,11.1
132.25,-21.25,2024,72,156.3,11254.6,11.1,23.6
132.25,-20.25,2024,5,70.2,351.1,0.0,0.0
132.25,-18.75,2024,10,108.4,1084.2,50.0,0.0
132.25,-18.25,2024,17,81.9,1391.8,11.8,0.0
132.25,-17.75,2024,18,84.0,1511.4,5.6,0.0
132.25,-17.25,2024,6,61.5,369.2,0.0,0.0
132.25,-16.75,2024,3,89.3,267.9,0.0,0.0
132.25,-15.75,2024,3,67.5,202.4,0.0,0.0
132.25,-15.25,2024,5,65.2,325.9,80.0,0.0
132.25,-14.75,2024,68,114.1,7761.8,4.4,10.3
132.25,-14.25,2024,6,65.7,394.2,0.0,0.0
132.25,-13.75,2024,16,107.1,1714.0,0.0,6.2
132.25,-13.25,2024,4,71.7,286.9,0.0,0.0
132.25,-12.75,2024,24,87.5,2100.9,0.0,0.0
132.25,-11.25,2024,6,181.0,1086.3,0.0,16.7
132.75,-22.75,2024,7,119.8,838.2,0.0,0.0
132.75,-21.75,2024,36,99.7,3588.8,2.8,8.3
132.75,-21.25,2024,10,160.0,1599.7,0.0,20.0
132.75,-18.75,2024,14,90.7,1269.2,57.1,0.0
132.75,-18.25,2024,41,110.6,4535.9,0.0,17.1
132.75,-17.75,2024,27,163.3,4408.0,0.0,25.9
132.75,-17.25,2024,12,96.0,1152.3,16.7,8.3
132.75,-16.75,2024,9,71.1,640.0,0.0,0.0
132.75,-16.25,2024,4,76.4,305.5,0.0,0.0
132.75,-14.75,2024,7,68.3,478.1,0.0,0.0
132.75,-14.25,2024,12,88.5,1062.1,8.3,0.0
132.75,-13.75,2024,10,99.0,989.6,0.0,0.0
132.75,-13.25,2024,24,93.2,2236.8,0.0,4.2
132.75,-12.75,2024,4,65.4,261.4,0.0,0.0
132.75,-12.25,2024,4,81.1,324.3,0.0,0.0
132.75,-11.75,2024,11,71.5,786.4,0.0,0.0
132.75,-11.25,2024,2,139.8,279.5,0.0,0.0
133.25,-22.25,2024,3,67.8,203.3,0.0,0.0
133.25,-20.25,2024,3,79.3,238.0,0.0,0.0
133.25,-19.75,2024,7,190.6,1334.3,0.0,57.1
133.25,-19.25,2024,7,140.8,985.7,14.3,28.6
133.25,-18.75,2024,5,98.8,494.1,0.0,20.0
133.25,-18.25,2024,9,70.0,629.7,22.2,0.0
133.25,-17.75,2024,2,78.5,157.0,0.0,0.0
133.25,-17.25,2024,34,100.0,3399.7,0.0,5.9
133.25,-15.75,2024,11,117.5,1292.0,54.5,18.2
133.25,-15.25,2024,2,51.3,102.6,0.0,0.0
133.25,-14.75,2024,10,67.3,672.9,0.0,0.0
133.25,-14.25,2024,4,70.3,281.4,0.0,0.0
133.25,-13.75,2024,2,67.9,135.9,0.0,0.0
133.25,-12.25,2024,9,105.1,945.9,0.0,0.0
133.25,-11.75,2024,5,172.8,864.1,0.0,20.0
133.75,-25.75,2024,7,90.7,635.1,0.0,0.0
133.75,-24.25,2024,1,54.7,54.7,0.0,0.0
133.75,-21.75,2024,7,100.1,700.9,0.0,0.0
133.75,-20.75,2024,22,123.0,2706.9,9.1,13.6
133.75,-20.25,2024,45,97.7,4396.5,0.0,4.4
133.75,-19.75,2024,38,116.1,4411.0,0.0,7.9
133.75,-19.25,2024,17,105.8,1799.1,0.0,0.0
133.75,-18.75,2024,56,98.7,5526.0,1.8,8.9
133.75,-18.25,2024,38,151.6,5762.4,31.6,21.1
133.75,-17.75,2024,20,154.2,3083.2,50.0,15.0
133.75,-17.25,2024,44,106.3,4675.7,0.0,0.0
133.75,-16.75,2024,6,67.1,402.5,0.0,0.0
133.75,-16.25,2024,26,87.5,2275.7,0.0,7.7
133.75,-15.75,2024,10,78.7,786.9,0.0,0.0
133.75,-15.25,2024,7,123.9,867.5,0.0,0.0
133.75,-14.75,2024,12,146.5,1758.4,0.0,33.3
133.75,-14.25,2024,25,122.0,3050.5,4.0,8.0
133.75,-13.75,2024,8,100.0,799.9,0.0,0.0
133.75,-13.25,2024,15,96.2,1443.0,0.0,6.7
133.75,-12.75,2024,4,63.8,255.2,0.0,0.0
133.75,-12.25,2024,2,52.8,105.6,0.0,0.0
133.75,-11.75,2024,2,109.8,219.7,0.0,0.0
134.25,-33.25,2024,1,112.0,112.0,0.0,0.0
134.25,-23.75,2024,1,64.1,64.1,0.0,0.0
134.25,-21.75,2024,20,104.0,2080.7,0.0,0.0
134.25,-21.25,2024,6,63.2,379.2,0.0,0.0
134.25,-20.75,2024,97,140.0,13579.8,5.2,21.6
134.25,-20.25,2024,129,124.6,16078.7,14.7,13.2
134.25,-19.75,2024,17,96.7,1644.0,5.9,0.0
134.25,-19.25,2024,29,107.8,3126.8,13.8,6.9
134.25,-18.75,2024,29,114.9,3332.8,0.0,6.9
134.25,-17.75,2024,36,110.8,3988.1,27.8,8.3
134.25,-16.75,2024,21,97.0,2037.1,0.0,0.0
134.25,-16.25,2024,8,84.3,674.6,0.0,0.0
134.25,-15.75,2024,8,109.5,876.0,0.0,0.0
134.25,-15.25,2024,41,107.9,4421.9,0.0,7.3
134.25,-14.75,2024,2,68.7,137.4,0.0,0.0
134.25,-14.25,2024,14,70.3,983.6,0.0,0.0
134.25,-13.75,2024,3,58.6,175.7,0.0,0.0
134.25,-13.25,2024,1,89.6,89.6,0.0,0.0
134.25,-12.75,2024,2,63.3,126.7,0.0,0.0
134.25,-12.25,2024,3,66.5,199.5,0.0,0.0
134.25,-11.75,2024,4,63.9,255.4,0.0,0.0
134.75,-32.75,2024,2,59.5,119.0,0.0,0.0
134.75,-23.75,2024,2,100.7,201.5,0.0,0.0
134.75,-23.25,2024,2,84.0,168.0,0.0,0.0
134.75,-22.25,2024,4,88.0,352.0,0.0,0.0
134.75,-21.75,2024,18,139.5,2511.5,0.0,16.7
134.75,-21.25,2024,14,120.1,1681.2,7.1,14.3
134.75,-20.75,2024,83,105.3,8737.6,12.0,10.8
134.75,-20.25,2024,45,107.7,4845.3,11.1,6.7
134.75,-19.75,2024,35,106.8,3738.9,0.0,0.0
134.75,-19.25,2024,10,169.7,1697.0,30.0,40.0
134.75,-18.75,2024,2,96.8,193.5,50.0,0.0
134.75,-17.75,2024,28,126.1,3530.2,0.0,17.9
134.75,-17.25,2024,19,104.6,1987.9,15.8,5.3
134.75,-16.75,2024,29,109.1,3164.2,0.0,6.9
134.75,-15.75,2024,1,54.6,54.6,0.0,0.0
134.75,-15.25,2024,18,111.4,2005.3,0.0,16.7
134.75,-14.75,2024,6,79.6,477.6,0.0,0.0
134.75,-13.75,2024,2,52.8,105.6,0.0,0.0
134.75,-13.25,2024,2,57.6,115.3,0.0,0.0
134.75,-12.75,2024,5,121.1,605.4,0.0,20.0
135.25,-23.25,2024,4,105.0,419.9,0.0,0.0
135.25,-21.25,2024,14,81.7,1144.4,14.3,0.0
135.25,-20.75,2024,19,120.5,2289.5,0.0,5.3
135.25,-20.25,2024,5,74.2,371.2,40.0,0.0
135.25,-19.25,2024,14,97.7,1367.4,14.3,0.0
135.25,-18.75,2024,4,107.9,431.5,100.0,0.0
135.25,-18.25,2024,4,89.1,356.4,100.0,0.0
135.25,-17.75,2024,46,112.8,5191.1,2.2,8.7
135.25,-17.25,2024,20,119.5,2389.2,5.0,10.0
135.25,-16.75,2024,29,100.5,2914.4,0.0,6.9
135.25,-16.25,2024,54,84.3,4551.3,0.0,1.9
135.25,-15.75,2024,3,53.6,160.9,0.0,0.0
135.25,-15.25,2024,19,113.1,2148.3,0.0,15.8
135.25,-14.75,2024,4,70.1,280.4,0.0,0.0
135.25,-14.25,2024,2,74.6,149.2,0.0,0.0
135.25,-13.75,2024,4,98.8,395.3,0.0,0.0
135.25,-13.25,2024,3,53.4,160.2,0.0,0.0
135.25,-12.75,2024,12,95.9,1150.8,0.0,0.0
135.25,-12.25,2024,5,86.4,432.0,0.0,0.0
135.75,-34.75,2024,13,246.6,3206.2,0.0,53.8
135.75,-32.75,2024,5,85.0,424.9,0.0,0.0
135.75,-21.75,2024,11,79.4,873.8,0.0,0.0
135.75,-21.25,2024,96,120.8,11594.0,0.0,11.5
135.75,-20.75,2024,97,104.2,10102.6,0.0,5.2
135.75,-19.75,2024,10,121.4,1213.7,0.0,10.0
135.75,-19.25,2024,52,141.5,7360.4,0.0,17.3
135.75,-18.25,2024,4,80.2,320.9,25.0,0.0
135.75,-17.75,2024,14,70.4,985.0,0.0,0.0
135.75,-17.25,2024,7,127.6,892.9,0.0,14.3
135.75,-16.75,2024,18,102.8,1850.4,0.0,5.6
135.75,-16.25,2024,30,93.5,2803.6,0.0,0.0
135.75,-15.75,2024,30,100.9,3027.6,0.0,3.3
135.75,-15.25,2024,3,73.7,221.2,0.0,0.0
135.75,-14.25,2024,7,113.3,793.4,0.0,0.0
135.75,-13.75,2024,4,158.2,632.8,0.0,50.0
135.75,-13.25,2024,6,86.9,521.3,0.0,0.0
135.75,-12.75,2024,8,84.2,673.5,0.0,0.0
135.75,-12.25,2024,1,50.6,50.6,0.0,0.0
136.25,-21.75,2024,31,136.5,4232.2,0.0,16.1
136.25,-21.25,2024,27,111.5,3011.7,51.9,11.1
136.25,-20.75,2024,38,113.0,4294.3,13.2,2.6
136.25,-19.75,2024,2,62.2,124.4,0.0,0.0
136.25,-19.25,2024,1,219.1,219.1,0.0,100.0
136.25,-18.25,2024,1,141.2,141.2,0.0,0.0
136.25,-17.75,2024,7,164.5,1151.8,0.0,28.6
136.25,-17.25,2024,44,87.5,3851.0,6.8,0.0
136.25,-16.75,2024,17,74.6,1267.4,0.0,0.0
136.25,-16.25,2024,11,84.2,926.4,0.0,0.0
136.25,-15.75,2024,15,77.8,1166.4,0.0,0.0
136.25,-14.25,2024,1,53.1,53.1,0.0,0.0
136.25,-13.25,2024,2,113.3,226.5,0.0,0.0
136.25,-12.75,2024,2,139.4,278.8,0.0,0.0
136.25,-12.25,2024,3,90.3,270.8,0.0,0.0
136.75,-33.25,2024,1,90.4,90.4,0.0,0.0
136.75,-21.25,2024,14,135.6,1898.6,0.0,28.6
136.75,-20.75,2024,2,67.4,134.8,100.0,0.0
136.75,-18.25,2024,2,59.1,118.3,0.0,0.0
136.75,-17.75,2024,5,81.7,408.7,20.0,0.0
136.75,-17.25,2024,4,90.4,361.5,0.0,0.0
136.75,-16.75,2024,31,78.8,2442.0,19.4,0.0
136.75,-16.25,2024,11,83.1,913.7,0.0,0.0
136.75,-15.75,2024,2,66.8,133.6,0.0,0.0
136.75,-14.25,2024,28,116.6,3263.9,0.0,17.9
136.75,-12.75,2024,1,79.5,79.5,0.0,0.0
137.25,-35.75,2024,4,137.5,550.0,0.0,25.0
137.25,-34.75,2024,1,92.7,92.7,0.0,0.0
137.25,-32.25,2024,1,126.7,126.7,0.0,0.0
137.25,-21.75,2024,2,76.2,152.4,0.0,0.0
137.25,-21.25,2024,1,75.7,75.7,0.0,0.0
137.25,-20.75,2024,1,77.9,77.9,0.0,0.0
137.25,-19.75,2024,2,51.8,103.5,0.0,0.0
137.25,-19.25,2024,7,77.5,542.5,14.3,0.0
137.25,-18.25,2024,50,160.9,8045.8,6.0,32.0
137.25,-17.75,2024,4,119.4,477.5,0.0,0.0
137.25,-16.75,2024,7,64.9,454.3,0.0,0.0
137.75,-35.75,2024,2,96.8,193.7,0.0,0.0
137.75,-34.75,2024,1,56.8,56.8,0.0,0.0
137.75,-21.25,2024,3,202.1,606.3,0.0,33.3
137.75,-20.75,2024,9,152.3,1370.5,0.0,22.2
137.75,-19.25,2024,3,71.8,215.4,100.0,0.0
137.75,-18.75,2024,5,200.2,1001.1,0.0,20.0
137.75,-18.25,2024,4,78.7,314.9,0.0,0.0
137.75,-17.75,2024,4,94.4,377.5,0.0,0.0
137.75,-17.25,2024,1,70.4,70.4,0.0,0.0
137.75,-16.75,2024,47,90.0,4230.9,0.0,4.3
137.75,-16.25,2024,4,138.6,554.3,0.0,50.0
138.25,-33.75,2024,3,80.9,242.7,0.0,0.0
138.25,-20.25,2024,11,94.4,1038.1,0.0,0.0
138.25,-19.75,2024,13,121.6,1581.2,23.1,23.1
138.25,-19.25,2024,10,90.5,905.2,0.0,0.0
138.25,-18.75,2024,18,94.4,1699.2,0.0,0.0
138.25,-18.25,2024,24,94.2,2261.3,0.0,4.2
138.25,-17.75,2024,9,120.5,1084.2,0.0,22.2
138.25,-17.25,2024,5,104.2,520.8,0.0,0.0
138.75,-35.25,2024,6,60.2,361.4,0.0,0.0
138.75,-34.25,2024,2,104.5,208.9,0.0,0.0
138.75,-33.75,2024,1,67.8,67.8,0.0,0.0
138.75,-21.25,2024,3,133.3,400.0,0.0,33.3
138.75,-20.75,2024,5,141.3,706.3,0.0,40.0
138.75,-20.25,2024,40,102.3,4090.1,5.0,5.0
138.75,-19.75,2024,50,103.7,5183.9,2.0,4.0
138.75,-19.25,2024,34,109.1,3710.2,0.0,11.8
138.75,-18.75,2024,120,187.6,22507.1,0.0,33.3
138.75,-18.25,2024,24,152.7,3664.1,54.2,20.8
138.75,-17.75,2024,21,85.5,1796.5,0.0,4.8
138.75,-16.75,2024,2,74.6,149.3,0.0,0.0
139.25,-26.75,2024,11,156.5,1721.7,0.0,27.3
139.25,-21.75,2024,3,55.6,166.9,0.0,0.0
139.25,-20.75,2024,61,126.5,7718.0,31.1,16.4
139.25,-20.25,2024,17,193.5,3289.7,0.0,35.3
139.25,-19.75,2024,29,86.8,2516.4,3.4,0.0
139.25,-19.25,2024,7,81.0,567.1,0.0,0.0
139.25,-18.75,2024,38,110.2,4188.7,10.5,7.9
139.25,-18.25,2024,5,148.6,743.0,0.0,20.0
139.75,-35.25,2024,1,50.7,50.7,0.0,0.0
139.75,-34.75,2024,1,65.1,65.1,0.0,0.0
139.75,-24.75,2024,1,119.2,119.2,0.0,0.0
139.75,-21.75,2024,17,89.3,1517.5,11.8,0.0
139.75,-21.25,2024,42,127.1,5337.0,26.2,19.0
139.75,-20.75,2024,27,88.3,2383.4,14.8,0.0
139.75,-20.25,2024,20,115.9,2318.0,5.0,5.0
139.75,-19.75,2024,1,70.4,70.4,0.0,0.0
139.75,-19.25,2024,12,103.1,1237.8,25.0,8.3
140.25,-36.75,2024,3,111.5,334.5,0.0,0.0
140.25,-35.25,2024,1,182.2,182.2,0.0,0.0
140.25,-25.75,2024,7,83.3,582.9,0.0,0.0
140.25,-22.25,2024,1,72.2,72.2,0.0,0.0
140.25,-21.75,2024,3,93.0,279.1,0.0,0.0
140.25,-21.25,2024,3,62.9,188.7,0.0,0.0
140.25,-20.75,2024,5,104.1,520.4,0.0,0.0
140.25,-20.25,2024,6,82.8,497.1,16.7,0.0
140.25,-19.75,2024,16,155.6,2489.1,0.0,25.0
140.25,-19.25,2024,11,99.4,1093.0,0.0,0.0
140.25,-18.75,2024,3,59.2,177.6,33.3,0.0
140.75,-36.75,2024,1,83.0,83.0,0.0,0.0
140.75,-36.25,2024,5,92.6,463.0,0.0,0.0
140.75,-21.75,2024,44,150.8,6635.1,25.0,20.5
140.75,-21.25,2024,167,139.7,23325.7,3.6,16.2
140.75,-20.75,2024,39,114.2,4452.9,74.4,12.8
140.75,-20.25,2024,4,88.6,354.5,0.0,0.0
140.75,-19.25,2024,5,114.2,570.9,60.0,0.0
140.75,-18.75,2024,1,64.2,64.2,100.0,0.0
141.25,-37.75,2024,2,88.7,177.3,0.0,0.0
141.25,-36.75,2024,8,83.1,664.5,0.0,0.0
141.25,-36.25,2024,2,113.8,227.7,0.0,0.0
141.25,-27.75,2024,3,105.4,316.1,0.0,0.0
141.25,-16.25,2024,2,72.7,145.4,0.0,0.0
141.75,-38.25,2024,1,141.0,141.0,0.0,0.0
141.75,-36.75,2024,5,82.1,410.3,0.0,0.0
141.75,-36.25,2024,6,116.3,697.7,0.0,0.0
141.75,-27.75,2024,11,128.8,1416.5,0.0,9.1
141.75,-19.75,2024,1,96.7,96.7,0.0,0.0
141.75,-19.25,2024,2,81.9,163.8,0.0,0.0
141.75,-18.75,2024,8,130.8,1046.1,0.0,0.0
141.75,-16.75,2024,5,65.6,328.0,0.0,0.0
141.75,-16.25,2024,3,255.1,765.4,0.0,33.3
141.75,-15.25,2024,10,104.7,1047.4,0.0,10.0
141.75,-13.75,2024,1,68.6,68.6,0.0,0.0
141.75,-13.25,2024,2,64.1,128.2,0.0,0.0
141.75,-12.75,2024,6,115.9,695.1,0.0,0.0
141.75,-12.25,2024,3,158.3,474.8,0.0,33.3
142.25,-37.75,2024,13,163.5,2125.1,38.5,7.7
142.25,-37.25,2024,133,147.4,19605.3,0.0,16.5
142.25,-36.75,2024,22,125.1,2752.5,0.0,18.2
142.25,-36.25,2024,3,106.7,320.2,0.0,0.0
142.25,-35.25,2024,1,216.6,216.6,0.0,100.0
142.25,-34.25,2024,4,83.9,335.7,0.0,0.0
142.25,-33.75,2024,1,106.7,106.7,0.0,0.0
142.25,-19.75,2024,23,100.1,2302.8,0.0,13.0
142.25,-19.25,2024,23,124.2,2857.2,0.0,17.4
142.25,-18.75,2024,17,94.5,1607.3,0.0,5.9
142.25,-18.25,2024,4,55.4,221.4,0.0,0.0
142.25,-17.75,2024,14,89.4,1251.5,0.0,7.1
142.25,-17.25,2024,42,96.9,4070.5,0.0,2.4
142.25,-16.75,2024,78,116.6,9092.2,0.0,3.8
142.25,-16.25,2024,40,114.6,4584.7,2.5,10.0
142.25,-15.75,2024,9,99.4,895.0,0.0,11.1
142.25,-15.25,2024,7,118.3,828.1,14.3,14.3
142.25,-14.75,2024,4,97.9,391.6,0.0,25.0
142.25,-13.25,2024,2,73.9,147.8,0.0,0.0
142.25,-12.75,2024,2,67.3,134.6,0.0,0.0
142.25,-11.75,2024,17,117.9,2005.0,0.0,23.5
142.25,-11.25,2024,19,101.7,1931.6,0.0,10.5
142.75,-37.75,2024,10,119.8,1198.2,0.0,10.0
142.75,-37.25,2024,59,166.6,9831.1,13.6,30.5
142.75,-36.75,2024,14,92.9,1301.2,0.0,0.0
142.75,-25.25,2024,3,120.3,360.9,0.0,0.0
142.75,-19.75,2024,4,122.2,488.9,0.0,25.0
142.75,-19.25,2024,90,123.4,11105.1,12.2,15.6
142.75,-18.75,2024,5,153.5,767.5,0.0,40.0
142.75,-17.75,2024,11,69.7,766.8,54.5,0.0
142.75,-17.25,2024,59,132.5,7816.7,15.3,18.6
142.75,-16.75,2024,43,91.6,3938.8,0.0,0.0
142.75,-16.25,2024,29,112.4,3260.0,3.4,13.8
142.75,-15.75,2024,2,60.6,121.2,0.0,0.0
142.75,-15.25,2024,1,93.4,93.4,0.0,0.0
142.75,-14.75,2024,1,50.1,50.1,0.0,0.0
142.75,-13.75,2024,7,106.8,747.5,0.0,0.0
142.75,-13.25,2024,1,89.0,89.0,0.0,0.0
142.75,-12.75,2024,3,88.7,266.0,0.0,0.0
142.75,-12.25,2024,2,65.6,131.2,0.0,0.0
142.75,-11.75,2024,1,65.9,65.9,0.0,0.0
142.75,-11.25,2024,1,51.2,51.2,0.0,0.0
143.25,-38.75,2024,1,71.3,71.3,0.0,0.0
143.25,-38.25,2024,10,151.8,1517.6,0.0,20.0
143.25,-37.75,2024,27,97.6,2635.4,0.0,7.4
143.25,-37.25,2024,71,191.3,13583.7,1.4,42.3
143.25,-36.25,2024,2,136.6,273.1,0.0,0.0
143.25,-34.75,2024,1,86.3,86.3,0.0,0.0
143.25,-20.25,2024,6,115.7,694.2,0.0,0.0
143.25,-19.75,2024,3,136.1,408.4,0.0,0.0
143.25,-19.25,2024,14,91.7,1283.2,0.0,0.0
143.25,-17.25,2024,9,94.1,846.9,0.0,11.1
143.25,-16.75,2024,20,84.7,1693.1,5.0,0.0
143.25,-16.25,2024,3,56.2,168.5,0.0,0.0
143.25,-15.25,2024,3,108.1,324.3,0.0,0.0
143.25,-14.75,2024,1,66.2,66.2,0.0,0.0
143.75,-38.25,2024,6,167.0,1002.2,0.0,16.7
143.75,-37.75,2024,9,106.9,961.7,0.0,11.1
143.75,-37.25,2024,20,93.6,1872.5,0.0,5.0
143.75,-36.75,2024,1,79.8,79.8,0.0,0.0
143.75,-36.25,2024,2,256.9,513.9,0.0,50.0
143.75,-35.75,2024,2,85.9,171.8,0.0,0.0
143.75,-35.25,2024,2,63.3,126.7,0.0,0.0
143.75,-20.25,2024,6,126.7,760.4,0.0,16.7
143.75,-19.75,2024,1,66.9,66.9,0.0,0.0
143.75,-19.25,2024,8,104.2,833.9,0.0,0.0
143.75,-18.75,2024,31,89.6,2776.9,3.2,0.0
143.75,-18.25,2024,6,107.3,643.7,16.7,0.0
143.75,-17.75,2024,1,99.3,99.3,0.0,0.0
143.75,-17.25,2024,6,128.8,772.9,0.0,16.7
143.75,-16.75,2024,2,85.6,171.1,0.0,0.0
143.75,-15.75,2024,1,54.6,54.6,0.0,0.0
143.75,-15.25,2024,2,59.2,118.3,0.0,0.0
143.75,-14.75,2024,8,98.8,790.3,0.0,0.0
144.25,-37.75,2024,2,81.2,162.5,0.0,0.0
144.25,-36.75,2024,2,90.0,179.9,0.0,0.0
144.25,-36.25,2024,2,101.2,202.4,0.0,0.0
144.25,-35.75,2024,4,76.6,306.5,0.0,0.0
144.25,-35.25,2024,2,173.4,346.7,0.0,50.0
144.25,-34.75,2024,4,160.5,642.1,0.0,50.0
144.25,-20.75,2024,2,56.8,113.6,0.0,0.0
144.25,-19.75,2024,1,60.5,60.5,0.0,0.0
144.25,-17.25,2024,1,61.5,61.5,0.0,0.0
144.25,-16.75,2024,4,111.6,446.5,0.0,0.0
144.25,-14.25,2024,1,78.5,78.5,0.0,0.0
144.75,-36.75,2024,8,92.8,742.2,0.0,0.0
144.75,-36.25,2024,4,103.8,415.1,0.0,0.0
144.75,-35.75,2024,11,113.1,1243.7,0.0,9.1
144.75,-35.25,2024,2,82.0,164.0,0.0,0.0
144.75,-21.75,2024,1,290.9,290.9,0.0,100.0
144.75,-20.75,2024,23,124.5,2862.6,0.0,21.7
144.75,-20.25,2024,33,121.9,4022.0,6.1,18.2
144.75,-18.75,2024,4,112.9,451.4,0.0,25.0
144.75,-18.25,2024,6,127.1,762.7,0.0,0.0
144.75,-17.75,2024,2,116.5,233.0,0.0,0.0
144.75,-17.25,2024,1,53.8,53.8,0.0,0.0
144.75,-16.75,2024,4,64.2,256.8,0.0,0.0
144.75,-16.25,2024,10,73.4,734.0,0.0,0.0
145.25,-41.75,2024,3,166.0,497.9,0.0,33.3
145.25,-40.75,2024,2,106.3,212.6,0.0,0.0
145.25,-36.25,2024,6,133.0,797.8,0.0,0.0
145.25,-35.75,2024,9,139.7,1257.7,0.0,22.2
145.25,-35.25,2024,4,116.2,464.7,0.0,0.0
145.25,-23.75,2024,1,87.2,87.2,0.0,0.0
145.25,-23.25,2024,4,61.3,245.3,0.0,0.0
145.25,-22.75,2024,1,158.1,158.1,0.0,0.0
145.25,-21.75,2024,6,76.7,460.1,0.0,0.0
145.25,-21.25,2024,18,84.5,1521.0,27.8,11.1
145.25,-20.75,2024,45,101.0,4544.7,2.2,2.2
145.25,-20.25,2024,5,61.1,305.5,0.0,0.0
145.25,-19.25,2024,3,265.8,797.5,0.0,33.3
145.25,-17.75,2024,4,135.2,540.7,0.0,0.0
145.25,-16.75,2024,1,51.7,51.7,0.0,0.0
145.25,-15.25,2024,1,52.4,52.4,0.0,0.0
145.75,-41.25,2024,4,87.3,349.2,0.0,0.0
145.75,-38.25,2024,1,118.6,118.6,0.0,0.0
145.75,-36.25,2024,30,97.5,2926.3,0.0,3.3
145.75,-35.75,2024,13,106.6,1386.4,0.0,7.7
145.75,-35.25,2024,11,179.8,1977.6,0.0,36.4
145.75,-34.75,2024,17,95.7,1626.1,0.0,0.0
145.75,-34.25,2024,29,103.2,2994.2,0.0,10.3
145.75,-33.75,2024,2,85.3,170.5,0.0,0.0
145.75,-26.25,2024,2,66.3,132.7,0.0,0.0
145.75,-23.75,2024,1,93.8,93.8,0.0,0.0
145.75,-23.25,2024,2,53.6,107.2,0.0,0.0
145.75,-22.25,2024,1,167.2,167.2,0.0,0.0
145.75,-21.75,2024,11,100.9,1109.7,36.4,9.1
145.75,-21.25,2024,58,98.9,5734.8,3.4,10.3
145.75,-20.75,2024,40,104.6,4182.4,12.5,2.5
145.75,-18.75,2024,1,69.9,69.9,0.0,0.0
145.75,-16.75,2024,1,54.3,54.3,0.0,0.0
146.25,-42.75,2024,3,346.0,1038.0,0.0,100.0
146.25,-42.25,2024,2,195.7,391.3,0.0,50.0
146.25,-41.25,2024,1,139.9,139.9,0.0,0.0
146.25,-36.25,2024,5,113.3,566.7,0.0,0.0
146.25,-35.75,2024,36,97.1,3495.8,0.0,5.6
146.25,-35.25,2024,5,100.4,501.9,0.0,0.0
146.25,-34.75,2024,5,80.7,403.4,0.0,0.0
146.25,-34.25,2024,12,98.2,1178.5,0.0,0.0
146.25,-32.25,2024,1,52.9,52.9,0.0,0.0
146.25,-24.75,2024,5,99.7,498.5,0.0,0.0
146.25,-23.75,2024,3,88.2,264.5,0.0,0.0
146.25,-23.25,2024,10,95.0,949.6,0.0,10.0
146.25,-22.75,2024,38,101.2,3843.9,0.0,2.6
146.25,-21.75,2024,1,155.9,155.9,0.0,0.0
146.25,-20.25,2024,2,60.0,119.9,0.0,0.0
146.25,-19.75,2024,7,90.9,636.0,0.0,0.0
146.25,-19.25,2024,1,73.8,73.8,0.0,0.0
146.75,-43.25,2024,2,265.6,531.1,0.0,50.0
146.75,-42.75,2024,2,153.0,305.9,0.0,0.0
146.75,-42.25,2024,2,71.0,142.1,0.0,0.0
146.75,-41.75,2024,4,93.9,375.8,0.0,0.0
146.75,-41.25,2024,1,166.2,166.2,0.0,0.0
146.75,-36.25,2024,2,69.7,139.3,0.0,0.0
146.75,-35.75,2024,18,94.5,1701.5,0.0,5.6
146.75,-35.25,2024,5,148.4,742.2,0.0,0.0
146.75,-34.75,2024,4,96.7,386.7,0.0,0.0
146.75,-34.25,2024,4,71.6,286.4,0.0,0.0
146.75,-33.25,2024,1,63.3,63.3,0.0,0.0
146.75,-31.75,2024,1,123.9,123.9,0.0,0.0
146.75,-31.25,2024,1,108.4,108.4,0.0,0.0
146.75,-30.25,2024,6,116.9,701.4,0.0,16.7
146.75,-26.25,2024,7,102.7,718.9,0.0,0.0
146.75,-24.75,2024,25,121.0,3026.0,0.0,12.0
146.75,-24.25,2024,1,54.8,54.8,0.0,0.0
146.75,-23.75,2024,1,62.5,62.5,0.0,0.0
146.75,-23.25,2024,2,87.1,174.2,0.0,0.0
146.75,-22.75,2024,4,71.1,284.4,0.0,0.0
146.75,-22.25,2024,6,114.0,684.1,0.0,16.7
146.75,-21.75,2024,2,54.4,108.8,0.0,0.0
147.25,-42.75,2024,1,199.3,199.3,0.0,0.0
147.25,-36.75,2024,4,154.5,618.2,0.0,50.0
147.25,-35.75,2024,2,67.9,135.9,0.0,0.0
147.25,-35.25,2024,5,128.3,641.5,0.0,0.0
147.25,-34.75,2024,12,73.7,884.0,0.0,0.0
147.25,-34.25,2024,11,95.2,1046.7,0.0,0.0
147.25,-33.75,2024,3,99.8,299.5,0.0,0.0
147.25,-33.25,2024,1,61.5,61.5,0.0,0.0
147.25,-26.75,2024,4,191.1,764.5,0.0,50.0
147.25,-26.25,2024,3,111.1,333.3,0.0,0.0
147.25,-25.75,2024,11,98.7,1085.3,0.0,0.0
147.25,-25.25,2024,7,116.3,814.4,0.0,0.0
147.25,-24.75,2024,9,73.7,663.1,0.0,0.0
147.25,-24.25,2024,3,73.9,221.7,0.0,0.0
147.25,-23.75,2024,2,73.9,147.9,0.0,0.0
147.25,-23.25,2024,2,64.2,128.4,0.0,0.0
147.25,-22.75,2024,6,163.0,977.8,0.0,16.7
147.25,-22.25,2024,6,66.6,399.4,0.0,0.0
147.25,-21.75,2024,4,77.1,308.2,0.0,0.0
147.25,-20.75,2024,4,64.1,256.2,0.0,0.0
147.25,-19.75,2024,2,100.5,201.0,0.0,0.0
147.75,-42.25,2024,2,236.5,473.0,0.0,50.0
147.75,-40.75,2024,10,160.6,1605.8,0.0,30.0
147.75,-34.75,2024,12,177.3,2127.6,0.0,33.3
147.75,-34.25,2024,21,109.8,2305.8,0.0,9.5
147.75,-33.75,2024,6,122.0,732.3,0.0,0.0
147.75,-30.75,2024,1,66.3,66.3,0.0,0.0
147.75,-28.75,2024,2,328.3,656.6,0.0,50.0
147.75,-28.25,2024,5,72.7,363.4,0.0,0.0
147.75,-26.25,2024,3,132.0,395.9,0.0,33.3
147.75,-25.75,2024,10,100.6,1006.0,0.0,0.0
147.75,-25.25,2024,13,79.1,1028.8,0.0,0.0
147.75,-24.75,2024,35,98.5,3446.1,8.6,5.7
147.75,-24.25,2024,1,112.1,112.1,0.0,0.0
147.75,-23.75,2024,2,80.5,160.9,0.0,0.0
147.75,-23.25,2024,6,86.6,519.5,0.0,0.0
147.75,-22.75,2024,1,80.1,80.1,0.0,0.0
147.75,-22.25,2024,12,118.4,1420.9,0.0,0.0
147.75,-21.25,2024,8,120.1,961.1,0.0,12.5
147.75,-20.75,2024,4,97.4,389.7,0.0,0.0
148.25,-41.25,2024,3,139.5,418.4,0.0,33.3
148.25,-35.75,2024,2,66.3,132.5,0.0,0.0
148.25,-34.75,2024,7,94.9,664.3,0.0,14.3
148.25,-34.25,2024,8,66.5,531.7,0.0,0.0
148.25,-33.75,2024,6,83.6,501.4,0.0,0.0
148.25,-33.25,2024,1,60.2,60.2,0.0,0.0
148.25,-32.25,2024,1,92.0,92.0,0.0,0.0
148.25,-29.25,2024,1,50.1,50.1,0.0,0.0
148.25,-27.75,2024,4,135.4,541.6,0.0,50.0
148.25,-27.25,2024,18,91.3,1643.1,0.0,0.0
148.25,-26.25,2024,1,117.8,117.8,0.0,0.0
148.25,-25.25,2024,1,81.2,81.2,0.0,0.0
148.25,-24.75,2024,2,57.2,114.5,0.0,0.0
148.25,-24.25,2024,3,67.5,202.5,0.0,0.0
148.25,-23.75,2024,8,117.5,939.6,0.0,25.0
148.25,-23.25,2024,1,77.8,77.8,0.0,0.0
148.25,-21.25,2024,1,77.1,77.1,0.0,0.0
148.25,-20.75,2024,5,82.6,413.1,0.0,0.0
148.25,-20.25,2024,6,78.2,469.1,0.0,0.0
148.75,-37.25,2024,1,67.6,67.6,0.0,0.0
148.75,-34.75,2024,3,87.9,263.6,0.0,0.0
148.75,-34.25,2024,1,53.2,53.2,0.0,0.0
148.75,-33.75,2024,4,80.6,322.5,0.0,0.0
148.75,-31.25,2024,1,112.8,112.8,0.0,0.0
148.75,-26.25,2024,1,76.9,76.9,0.0,0.0
148.75,-25.75,2024,8,140.6,1124.5,0.0,25.0
148.75,-25.25,2024,1,50.5,50.5,0.0,0.0
148.75,-24.25,2024,8,79.0,631.8,0.0,0.0
148.75,-23.75,2024,3,217.7,653.1,0.0,66.7
148.75,-23.25,2024,1,54.2,54.2,0.0,0.0
148.75,-22.75,2024,1,65.9,65.9,0.0,0.0
148.75,-22.25,2024,5,73.3,366.3,0.0,0.0
148.75,-21.75,2024,1,81.5,81.5,0.0,0.0
149.25,-37.25,2024,1,108.8,108.8,0.0,0.0
149.25,-36.75,2024,2,64.6,129.2,0.0,0.0
149.25,-34.25,2024,1,65.0,65.0,0.0,0.0
149.25,-33.25,2024,1,102.4,102.4,0.0,0.0
149.25,-31.75,2024,2,170.0,339.9,0.0,0.0
149.25,-30.75,2024,2,100.5,201.1,0.0,0.0
149.25,-30.25,2024,6,73.7,442.4,0.0,0.0
149.25,-29.75,2024,1,53.6,53.6,0.0,0.0
149.25,-29.25,2024,1,109.8,109.8,0.0,0.0
149.25,-26.25,2024,2,125.9,251.8,0.0,0.0
149.25,-25.75,2024,1,59.2,59.2,0.0,0.0
149.25,-25.25,2024,1,121.1,121.1,0.0,0.0
149.25,-24.75,2024,1,81.8,81.8,0.0,0.0
149.25,-24.25,2024,2,56.5,112.9,0.0,0.0
149.25,-23.75,2024,14,127.1,1779.2,0.0,7.1
149.25,-23.25,2024,2,76.1,152.2,0.0,0.0
149.25,-22.25,2024,1,132.6,132.6,0.0,0.0
149.75,-33.75,2024,3,76.6,229.7,0.0,0.0
149.75,-31.25,2024,7,124.4,870.6,0.0,0.0
149.75,-30.25,2024,1,53.9,53.9,0.0,0.0
149.75,-27.75,2024,10,106.5,1064.6,0.0,0.0
149.75,-27.25,2024,4,151.0,604.2,0.0,50.0
149.75,-26.75,2024,3,207.7,623.1,0.0,33.3
149.75,-26.25,2024,1,96.3,96.3,0.0,0.0
149.75,-25.75,2024,1,185.9,185.9,0.0,0.0
149.75,-25.25,2024,2,60.1,120.2,0.0,0.0
149.75,-24.75,2024,2,118.5,237.1,0.0,0.0
149.75,-24.25,2024,12,67.5,809.7,0.0,0.0
149.75,-22.75,2024,1,114.4,114.4,0.0,0.0
150.25,-27.75,2024,1,60.6,60.6,0.0,0.0
150.25,-26.75,2024,1,59.1,59.1,0.0,0.0
150.25,-26.25,2024,1,53.7,53.7,0.0,0.0
150.25,-25.75,2024,2,64.4,128.8,0.0,0.0
150.25,-25.25,2024,4,95.7,383.0,0.0,0.0
150.25,-22.75,2024,1,64.2,64.2,0.0,0.0
150.75,-30.25,2024,3,70.5,211.4,0.0,0.0
150.75,-28.75,2024,24,109.2,2621.2,0.0,4.2
150.75,-28.25,2024,1,61.9,61.9,0.0,0.0
150.75,-27.75,2024,4,78.9,315.6,0.0,0.0
150.75,-27.25,2024,2,202.9,405.8,0.0,100.0
150.75,-26.25,2024,13,108.7,1413.4,0.0,7.7
150.75,-25.75,2024,5,70.3,351.4,0.0,0.0
150.75,-25.25,2024,10,93.8,938.3,0.0,0.0
150.75,-24.75,2024,1,102.3,102.3,0.0,0.0
150.75,-24.25,2024,2,62.6,125.3,0.0,0.0
150.75,-23.75,2024,1,72.8,72.8,0.0,0.0
151.25,-33.75,2024,1,181.8,181.8,0.0,0.0
151.25,-26.75,2024,1,87.0,87.0,0.0,0.0
151.25,-26.25,2024,4,91.9,367.7,0.0,0.0
151.25,-25.75,2024,10,88.0,879.8,0.0,10.0
151.25,-25.25,2024,1,53.5,53.5,0.0,0.0
151.25,-24.75,2024,3,98.6,295.8,0.0,0.0
151.25,-24.25,2024,1,72.7,72.7,0.0,0.0
151.25,-23.75,2024,1,80.7,80.7,0.0,0.0
151.75,-28.25,2024,6,95.4,572.7,0.0,0.0
151.75,-26.25,2024,1,61.4,61.4,0.0,0.0
151.75,-25.75,2024,4,211.7,846.6,0.0,50.0
151.75,-25.25,2024,2,62.5,124.9,0.0,0.0
152.25,-25.25,2024,1,132.0,132.0,0.0,0.0
152.25,-24.75,2024,1,66.7,66.7,0.0,0.0
152.75,-30.25,2024,1,52.2,52.2,0.0,0.0
152.75,-28.25,2024,2,70.1,140.2,0.0,0.0
153.25,-29.75,2024,3,108.2,324.5,0.0,0.0
